nome;preço;ano;quilometragem;cidade;estado;marca
Renault Clio 1.0 Campus 16v;23990.0;2012;149.160 Km;São Bernardo do Campo ; São Paulo;Renault
Peugeot 207 1.4 Xr Flex 5p;19990.0;2011;141.000 Km;São Paulo Zona Leste ; São Paulo;Peugeot
Renault Sandero 1.0 16v Expression Hi-flex 5p;23900.0;2010;123.798 Km;Diadema ; São Paulo;Renault
Chevrolet Celta 1.0 Ls Flex Power 3p;22900.0;2012;130.000 Km;São Paulo Zona Norte ; São Paulo;Chevrolet
Renault Sandero 1.0 16v Expression Hi-flex 5p;24800.0;2011;220.000 Km;São Bernardo do Campo ; São Paulo;Renault
Chevrolet Celta 1.0 Spirit Flex Power 5p;22890.0;2010;238.000 Km;Osasco ; São Paulo;Chevrolet
Ford Ka 1.0 Flex 3p;18990.0;2009;104.085 Km;Santo André ; São Paulo;Ford
Fiat Palio 1.0 Fire Economy Flex 3p;23900.0;2013;125.000 Km;São Paulo Zona Leste ; São Paulo;Fiat
Peugeot 307 1.6 Presence Pack Flex 5p;23900.0;2009;160.000 Km;São Paulo Zona Oeste ; São Paulo;Peugeot
Peugeot 207 1.4 Xr Flex 5p;23900.0;2012;100.000 Km;São Paulo Zona Norte ; São Paulo;Peugeot
Renault Sandero 1.6 Vibe Hi-torque 5p;24900.0;2010;240.000 Km;São Paulo Zona Leste ; São Paulo;Renault
Ford Ka Ka 1.0 Mpi 8v Flex 2p Manual;19900.0;2009;150.000 Km;Osasco ; São Paulo;Ford
Fiat Uno 1.0 Vivace Flex 3p;23900.0;2012;160.000 Km;São Paulo Zona Leste ; São Paulo;Fiat
Volkswagen Fox 1.0 Vht Plus Total Flex 5p;24890.0;2009;135.000 Km;São Paulo Zona Sul ; São Paulo;Volkswagen
Chery Qq 1.1 16v 5p;23990.0;2014;84.675 Km;São Paulo Zona Oeste ; São Paulo;Chery
Citroën C3 1.4 I Glx 8v Flex 4p Manual;22890.0;2011;95.000 Km;São Paulo Zona Leste ; São Paulo;Citroën
Ford Ka 1.0 Fly Flex 3p;23990.0;2009;107.385 Km;Osasco ; São Paulo;Ford
Chery Qq 1.1 16v;21900.0;2012;122.838 Km;São Paulo Centro ; São Paulo;Chery
Citroën C3 1.4 8v Exclusive Flex 5p;24990.0;2012;97.000 Km;São Bernardo do Campo ; São Paulo;Citroën
Chevrolet Celta 1.0 Ls Flex Power 3p;21900.0;2012;153.200 Km;São Paulo Zona Leste ; São Paulo;Chevrolet
Volkswagen Gol 1.0 City Total Flex 5p;24900.0;2009;135.000 Km;São Paulo Zona Leste ; São Paulo;Volkswagen
Peugeot 207 1.4 Xr Flex 3p;19800.0;2009;132.000 Km;São Paulo Zona Norte ; São Paulo;Peugeot
Ford Ka 1.0 Mpi 8v Flex 2p Manual;20890.0;2011;87.000 Km;São Paulo Zona Leste ; São Paulo;Ford
Chevrolet Celta 1.0 Ls Flex Power 3p;24900.0;2012;137.000 Km;São Paulo Zona Sul ; São Paulo;Chevrolet
Renault Clio 1.0 Campus 16v;23500.0;2010;80.761 Km;Itapecerica da Serra ; São Paulo;Renault
Renault Clio 1.0 Campus 16v;22900.0;2011;214.366 Km;Itapecerica da Serra ; São Paulo;Renault
Ford Ka 1.0 Tecno Flex 3p;23900.0;2011;180.000 Km;Suzano ; São Paulo;Ford
Renault Clio 1.0 Campus 16v;24990.0;2012;182.000 Km;São Bernardo do Campo ; São Paulo;Renault
Chevrolet Celta 1.0 Ls Flex Power 3p;23900.0;2014;166.000 Km;São Paulo Zona Sul ; São Paulo;Chevrolet
Ford Ka Ka 1.0 8v/1.0 8v St Flex 3p;20900.0;2010;163.000 Km;Osasco ; São Paulo;Ford
Chevrolet Celta Celta Spirit 1.0 Vhc (flex) 4p;24990.0;2010;168.501 Km;São Paulo Zona Norte ; São Paulo;Chevrolet
Peugeot 207 207 1.4 Xr 8v Flex 4p Manual;22800.0;2013;1.111 Km;Carapicuíba ; São Paulo;Peugeot
Peugeot 207 1.6 Xs 16v Flex 4p Manual;24890.0;2011;109.000 Km;São Paulo Zona Leste ; São Paulo;Peugeot
Fiat Uno 1.0 Vivace Flex 3p;24990.0;2012;201.714 Km;Guarulhos ; São Paulo;Fiat
Renault Sandero 1.0 16v Expression Hi-flex 5p;22990.0;2009;114.000 Km;São Paulo Zona Oeste ; São Paulo;Renault
Fiat Uno 1.0 Evo Vivace 8v Flex 2p Manual;22000.0;2013;99.720 Km;Guarujá ; São Paulo;Fiat
Ford Ka 1.0 Flex 3p;18900.0;2009;125.000 Km;São Paulo Zona Leste ; São Paulo;Ford
Peugeot 207 1.4 Xr Flex 5p;19900.0;2009;167.730 Km;Osasco ; São Paulo;Peugeot
Chevrolet Celta 1.0 Mpfi Lt 8v Flex 4p Manual;18900.0;2012;135.000 Km;São Paulo Zona Norte ; São Paulo;Chevrolet
Fiat Palio 1.0 Fire Celebration Flex 3p;20900.0;2009;147.000 Km;Ribeirão Pires ; São Paulo;Fiat
Ford Fiesta 1.0 Flex 5p;22990.0;2011;140.000 Km;Campinas ; São Paulo;Ford
Ford Ka 1.0 Flex 3p;16900.0;2009;209.000 Km;São Bernardo do Campo ; São Paulo;Ford
Ford Ka 1.0 Flex 3p;20990.0;2011;123.000 Km;Guarulhos ; São Paulo;Ford
Chevrolet Celta 1.0 Life Flex Power 3p;19700.0;2010;172.385 Km;São Paulo Zona Leste ; São Paulo;Chevrolet
Chevrolet Celta 1.0 Life Flex Power 5p;23900.0;2011;170.000 Km;Santo André ; São Paulo;Chevrolet
Peugeot 207 1.4 Xr Sport Flex 5p;20900.0;2011;140.000 Km;São Paulo Zona Norte ; São Paulo;Peugeot
Renault Sandero Sandero 1.0 Expression 16v Flex 4p Manual;24999.0;2010;134.046 Km;São Paulo ; São Paulo;Renault
Chevrolet Celta 1.0 Spirit Flex Power 5p;20890.0;2009;114.019 Km;São Paulo Zona Norte ; São Paulo;Chevrolet
Peugeot 207 1.4 Xr Flex 5p;19900.0;2012;136.100 Km;São Paulo Zona Leste ; São Paulo;Peugeot
Volkswagen Gol Gol 1.0 (g4) (flex) 4p;23990.0;2011;188.000 Km;Santo André ; São Paulo;Volkswagen
Ford Fiesta 1.6 Mpi Hatch 8v Flex 4p Manual;24890.0;2012;136.000 Km;São Paulo Zona Leste ; São Paulo;Ford
Ford Fiesta 1.0 Flex 5p;24900.0;2009;159.000 Km;São Paulo Zona Norte ; São Paulo;Ford
Volkswagen Gol Gol (novo) 1.0 Mi Total Flex 8v 4p;21500.0;2010;108.672 Km;São Paulo Zona Norte ; São Paulo;Volkswagen
Peugeot 207 1.4 Active 8v Flex 4p Manual;23900.0;2014;123.000 Km;São Paulo Zona Norte ; São Paulo;Peugeot
Ford Ka 1.0 Flex 3p;23990.0;2010;96.000 Km;São Paulo Zona Leste ; São Paulo;Ford
Peugeot 207 1.4 Xr Flex 5p;21900.0;2010;120.683 Km;São Paulo Zona Sul ; São Paulo;Peugeot
Chery Face 1.3 16v Flex 5p;23900.0;2012;123.000 Km;São Paulo Zona Sul ; São Paulo;Chery
Renault Clio 1.0 16v Campus Hi-flex 5p;20900.0;2011;170.000 Km;São Paulo Zona Leste ; São Paulo;Renault
Ford Ka 1.0 3p;5900.0;1997;200.000 Km;Santo André ; São Paulo;Ford
Jac J3 1.4 16v 5p;24900.0;2012;101.000 Km;São Paulo Zona Sul ; São Paulo;Jac
Peugeot 207 207 Hatch Xs 1.6 16v (flex);19900.0;2009;153.000 Km;São Paulo Zona Leste ; São Paulo;Peugeot
Ford Fiesta 1.0 Flex 5p;24990.0;2011;83.000 Km;São Paulo Zona Leste ; São Paulo;Ford
Fiat Palio 1.0 Mpi Fire Economy 8v Flex 4p Manual;21900.0;2010;195.000 Km;São Paulo Zona Norte ; São Paulo;Fiat
Ford Ka 1.0 Mpi 8v Flex 2p Manual;21900.0;2011;125.000 Km;São Paulo Zona Sul ; São Paulo;Ford
Volkswagen Gol 1.0 Total Flex 5p;20990.0;2012;140.000 Km;Campinas ; São Paulo;Volkswagen
Renault Clio 1.0 16v Campus Hi-flex 3p;18900.0;2010;86.000 Km;São Paulo Zona Leste ; São Paulo;Renault
Citroën C3 1.4 8v Glx Flex 5p;24000.0;2012;158.500 Km;São Paulo Zona Leste ; São Paulo;Citroën
Citroën C4 1.6 Glx Flex 5p;24990.0;2010;192.882 Km;Guarulhos ; São Paulo;Citroën
Chevrolet Celta 1.0 Ls Flex Power 3p;22900.0;2012;153.117 Km;Suzano ; São Paulo;Chevrolet
Jac J3 Turin 1.4 16v 4p;22000.0;2012;146.000 Km;São Paulo Zona Sul ; São Paulo;Jac
Chevrolet Celta 1.0 Spirit Flex Power 3p;19000.0;2009;199.780 Km;São Roque ; São Paulo;Chevrolet
Chevrolet Celta Celta Ls 1.0 (flex) 2p;22990.0;2012;87.612 Km;São Paulo Zona Norte ; São Paulo;Chevrolet
Peugeot 207 207 Sedan Passion Xr 1.4 Flex 8v 4p;21800.0;2010;127.749 Km;São Bernardo do Campo ; São Paulo;Peugeot
Renault Clio 1.0 16v Campus Hi-flex 5p;22890.0;2010;102.000 Km;São Bernardo do Campo ; São Paulo;Renault
Chevrolet Celta 1.0 Mpfi Spirit 8v;21900.0;2009;168.155 Km;Carapicuíba ; São Paulo;Chevrolet
Volkswagen Gol 1.0 Total Flex 3p;19890.0;2012;199.000 Km;Osasco ; São Paulo;Volkswagen
Ford Fiesta 1.0 Flex 5p;23900.0;2010;170.000 Km;Osasco ; São Paulo;Ford
Ford Fiesta 1.0 Flex 5p;24990.0;2012;165.000 Km;São Paulo Zona Leste ; São Paulo;Ford
Volkswagen Gol 1.0 Trend Total Flex 5p;25000.0;2009;120.054 Km;Santo André ; São Paulo;Volkswagen
Chevrolet Celta 1.0 Spirit Flex Power 3p;21000.0;2010;100.000 Km;São Paulo Zona Sul ; São Paulo;Chevrolet
Chevrolet Celta 1.0 Spirit Flex Power 3p;20999.0;2010;98.000 Km;São Paulo Zona Leste ; São Paulo;Chevrolet
Citroën C3 1.4 I Glx 8v Flex 4p Manual;24490.0;2011;140.000 Km;São Paulo Zona Sul ; São Paulo;Citroën
Peugeot 207 1.6 16v Xs Flex Aut. 5p;24900.0;2009;128.000 Km;São Paulo Zona Sul ; São Paulo;Peugeot
Chevrolet Corsa 1.4 Maxx Econoflex 5p;24000.0;2012;152.000 Km;São Paulo Zona Sul ; São Paulo;Chevrolet
Volkswagen Gol 1.0 Total Flex 3p;24990.0;2011;130.000 Km;São Paulo Zona Leste ; São Paulo;Volkswagen
Ford Fiesta 1.6 Fly Flex 5p;24900.0;2009;185.000 Km;Guarulhos ; São Paulo;Ford
Ford Ka 1.0 Flex 3p;22900.0;2009;85.600 Km;São Paulo Zona Norte ; São Paulo;Ford
Chevrolet Celta 1.0 Spirit Flex Power 5p 70 Hp;22900.0;2009;258.831 Km;São Paulo Zona Leste ; São Paulo;Chevrolet
Renault Clio 1.0 16v Campus Hi-flex 3p;19990.0;2011;139.000 Km;Campinas ; São Paulo;Renault
Renault Sandero 1.0 16v Authentique Hi-flex 5p;23900.0;2012;231.000 Km;Guarulhos ; São Paulo;Renault
Chery Qq 1.1 16v 5p;23900.0;2014;60.000 Km;São Paulo Zona Leste ; São Paulo;Chery
Fiat Palio Palio Elx 1.0 (flex) 4p;23900.0;2009;174.636 Km;São Paulo Zona Norte ; São Paulo;Fiat
Citroën C3 1.4 8v Glx Flex 5p;19990.0;2010;153.000 Km;São Paulo Zona Leste ; São Paulo;Citroën
Chevrolet Celta Life 1.0 Vhce (flex) 4p;23900.0;2011;160.172 Km;São Paulo Centro ; São Paulo;Chevrolet
Volkswagen Fox 1.0 Vht Total Flex 5p;25000.0;2010;139.000 Km;São Paulo Zona Leste ; São Paulo;Volkswagen
Peugeot 207 207 1.4 Xr 8v Flex 4p Manual;17800.0;2011;1.111 Km;Carapicuíba ; São Paulo;Peugeot
Volkswagen Gol 1.0 Total Flex 5p;22000.0;2010;157.000 Km;São Paulo Zona Leste ; São Paulo;Volkswagen
Renault Clio 1.0 8v Authentique 3p;14990.0;2008;139.000 Km;São Paulo Zona Leste ; São Paulo;Renault
Ford Ka 1.0 Flex 3p;23900.0;2009;115.682 Km;São Paulo Zona Leste ; São Paulo;Ford
Chery Qq 1.1 16v 5p;18900.0;2012;93.703 Km;São Paulo Zona Leste ; São Paulo;Chery
Chevrolet Classic 1.0 Flex Power 4p;22900.0;2010;172.000 Km;Itaquaquecetuba ; São Paulo;Chevrolet
Ford Fiesta 1.0 8v Flex/class 1.0 8v Flex 5p;22980.0;2008;189.172 Km;Osasco ; São Paulo;Ford
Citroën C3 1.4 8v Glx Flex 5p;20900.0;2006;192.000 Km;São Paulo Zona Sul ; São Paulo;Citroën
Chery Qq 1.1 16v;20900.0;2012;126.111 Km;São Paulo Centro ; São Paulo;Chery
Volkswagen Fox 1.0 Vht Total Flex 3p;21900.0;2009;86.900 Km;São Paulo Zona Leste ; São Paulo;Volkswagen
Volkswagen Gol 1.0 Total Flex 3p;22900.0;2013;125.101 Km;Mauá ; São Paulo;Volkswagen
Renault Clio 1.0 Authentique 16v Flex 2p Manual;19000.0;2013;83.802 Km;Guarujá ; São Paulo;Renault
Ford Fiesta 1.0 Flex 5p 71 Hp;19900.0;2009;143.000 Km;São Paulo Zona Sul ; São Paulo;Ford
Citroën C3 C3 I Glx Aut. Flex 4p 1.6 16v;23900.0;2009;54.824 Km;São Paulo Zona Sul ; São Paulo;Citroën
Ford Fiesta 1.6 Pulse Flex 5p;22900.0;2009;151.000 Km;São Paulo Zona Leste ; São Paulo;Ford
Fiat Palio 1.0 Fire Economy Flex 3p;24900.0;2010;108.000 Km;São Bernardo do Campo ; São Paulo;Fiat
Ford Ka 1.0 Pulse Flex 3p;22500.0;2009;147.671 Km;São Paulo Zona Leste ; São Paulo;Ford
Ford Ka 1.0 Flex 3p;21500.0;2012;111.236 Km;Suzano ; São Paulo;Ford
Chevrolet Corsa 1.6 Gl 3p;16300.0;1998;86.000 Km;São Paulo Zona Leste ; São Paulo;Chevrolet
Fiat Palio 1.0 Fire Economy Flex 5p;22000.0;2010;177.000 Km;Sumaré ; São Paulo;Fiat
Chevrolet Celta 1.0 Ls Flex Power 3p;22990.0;2012;135.031 Km;Osasco ; São Paulo;Chevrolet
Volkswagen Gol 1.8 Power Total Flex 5p;23900.0;2009;199.000 Km;São Bernardo do Campo ; São Paulo;Volkswagen
Ford Fiesta 1.0 Street 5p;17800.0;2006;100.000 Km;São Paulo Zona Leste ; São Paulo;Ford
Fiat Uno 1.0 Vivace Flex 5p;23990.0;2011;162.000 Km;Cotia ; São Paulo;Fiat
Chevrolet Celta 1.0 Spirit Flex Power 5p;24900.0;2011;210.876 Km;São Paulo Zona Sul ; São Paulo;Chevrolet
Ford Ka 1.0 Mpi 8v Flex 2p Manual;24990.0;2013;122.380 Km;Osasco ; São Paulo;Ford
Peugeot 207 207 Sw Xr 1.4 Flex 8v 5p;18900.0;2009;158.000 Km;São Paulo Zona Sul ; São Paulo;Peugeot
Chevrolet Celta 1.0 Life Flex Power 3p;21990.0;2010;164.000 Km;São Paulo Zona Norte ; São Paulo;Chevrolet
Chevrolet Celta 1.0 Mpfi Ls 8v Flex 2p Manual;24990.0;2012;120.000 Km;São Paulo Zona Sul ; São Paulo;Chevrolet
Chevrolet Celta 1.0 Mpfi Spirit 8v Flex 4p Manual;21999.0;2007;152.000 Km;São Paulo Zona Oeste ; São Paulo;Chevrolet
Fiat Palio 1.0/ Trofeo 1.0 Fire/ Fire Flex 4p;22900.0;2009;160.000 Km;São Paulo Zona Sul ; São Paulo;Fiat
Ford Fiesta 1.0 Flex 5p 71 Hp;22990.0;2009;250.000 Km;São Paulo Zona Leste ; São Paulo;Ford
Chevrolet Celta 1.0 Life Flex Power 3p;19990.0;2009;105.000 Km;São Paulo Zona Norte ; São Paulo;Chevrolet
Peugeot 207 1.4 Xr Flex 5p;24800.0;2012;73.000 Km;São Paulo Zona Oeste ; São Paulo;Peugeot
Fiat Uno Mille Economy;23900.0;2011;166.000 Km;São Paulo Zona Norte ; São Paulo;Fiat
Fiat Siena 1.4 Mpi Elx 8v;20900.0;2006;162.335 Km;São Bernardo do Campo ; São Paulo;Fiat
Peugeot 207 1.4 Xr Sport 8v Flex 4p Manual;15900.0;2011;139.000 Km;Osasco ; São Paulo;Peugeot
Chevrolet Celta 1.0 3p;16500.0;2004;167.000 Km;São Paulo Zona Leste ; São Paulo;Chevrolet
Renault Clio 1.0 Campus 16v Flex 4p Manual;23890.0;2011;57.774 Km;São Paulo Zona Oeste ; São Paulo;Renault
Ford Fiesta 1.6 Mpi Hatch 8v;24900.0;2008;145.000 Km;São Paulo Zona Leste ; São Paulo;Ford
Chevrolet Celta 1.0 Spirit Flex Power 5p;20900.0;2008;192.500 Km;Suzano ; São Paulo;Chevrolet
Ford Ka 1.0 Flex 3p;23500.0;2010;80.000 Km;Mogi das Cruzes ; São Paulo;Ford
Renault Express 1.6 Rl 4p;18900.0;1998;55.000 Km;São Paulo Zona Sul ; São Paulo;Renault
Renault Clio 1.0 16v Campus Hi-flex 5p;23799.0;2009;150.286 Km;São Paulo Zona Sul ; São Paulo;Renault
Volkswagen Fox 1.0 City Total Flex 5p;20900.0;2007;142.000 Km;São Paulo Zona Leste ; São Paulo;Volkswagen
Volkswagen Polo 1.0 Mi 16v Gasolina 4p Manual;23900.0;2003;209.983 Km;Santo André ; São Paulo;Volkswagen
Volkswagen Voyage 1.0 Mi 8v Flex 4p Manual;25000.0;2010;90.627 Km;São Paulo Zona Norte ; São Paulo;Volkswagen
Chevrolet Astra 2.0 Mpfi Comfort Sedan 8v Flex 4p Manual;19990.0;2005;288.639 Km;Osasco ; São Paulo;Chevrolet
Fiat Uno 1.0 Vivace Flex 3p;24900.0;2014;69.504 Km;Suzano ; São Paulo;Fiat
Fiat Uno 1.0 Vivace Flex 3p;19999.0;2013;149.000 Km;Santo André ; São Paulo;Fiat
Citroën C3 1.4 8v Glx Flex 5p;24500.0;2010;182.791 Km;São Paulo Zona Oeste ; São Paulo;Citroën
Chevrolet Celta 1.0 Mpfi Life 8v Flex 2p Manual;23900.0;2010;135.000 Km;Santo André ; São Paulo;Chevrolet
Fiat Palio 1.0 Mpi Fire Economy 8v Flex 2p Manual;22990.0;2010;128.000 Km;São Paulo Zona Oeste ; São Paulo;Fiat
Renault Sandero Expression 1.0 16v Hi-flex Mec.;24900.0;2012;149.000 Km;São Paulo Zona Norte ; São Paulo;Renault
Renault Megane Grand Tour 2.0 Dynamique Aut. 5p;17900.0;2007;205.000 Km;São Paulo Zona Norte ; São Paulo;Renault
Ford Focus Sedan 2.0 Glx Aut. 4p;19999.0;2008;162.000 Km;Santo André ; São Paulo;Ford
Chevrolet Corsa 1.4 Premium Econoflex 5p;24999.0;2009;175.000 Km;Santo André ; São Paulo;Chevrolet
Volkswagen Gol 1.6 Mi Cl 5p;25000.0;1997;231.000 Km;São Paulo Zona Norte ; São Paulo;Volkswagen
Renault Logan 1.6 Expression Hi-torque 4p;21800.0;2011;212.000 Km;São Paulo Zona Norte ; São Paulo;Renault
Fiat Palio Fire Flex;19900.0;2007;180.000 Km;São Paulo Zona Norte ; São Paulo;Fiat
Volkswagen Gol 1.0 Mi 8v Flex 2p Manual G.iv;19990.0;2009;150.000 Km;Guarulhos ; São Paulo;Volkswagen
Citroën C3 C3 Glx 1.4 8v;23900.0;2011;137.000 Km;São Paulo Zona Leste ; São Paulo;Citroën
Renault Sandero 1.0 16v Authentique Hi-flex 5p;17000.0;2010;127.042 Km;São Paulo Zona Leste ; São Paulo;Renault
Renault Clio 1.0 16v Campus Hi-flex 5p;21900.0;2011;110.229 Km;São Paulo Zona Leste ; São Paulo;Renault
Chevrolet Corsa 1.4 Maxx Econoflex 5p;24000.0;2010;180.000 Km;São Paulo Zona Leste ; São Paulo;Chevrolet
Chevrolet Celta Celta 1.0 Mpfi Spirit 8v Flex 4p Manual;24500.0;2010;152.363 Km;Osasco ; São Paulo;Chevrolet
Chevrolet Corsa 1.4 Premium Econoflex 5p;23900.0;2010;174.000 Km;São Paulo Zona Norte ; São Paulo;Chevrolet
Citroën C3 1.4 8v Exclusive Flex 5p;24999.0;2012;120.000 Km;Santo André ; São Paulo;Citroën
Peugeot 207 207 Hatch Xr 1.4 8v (flex) 2p;22990.0;2012;127.000 Km;São Paulo Zona Sul ; São Paulo;Peugeot
Ford Ka 1.0 Mpi 8v Flex 2p Manual;24900.0;2013;127.704 Km;São Paulo ; São Paulo;Ford
Chevrolet Celta 1.0 Ls Flex Power 3p;21900.0;2012;190.000 Km;São Paulo Zona Leste ; São Paulo;Chevrolet
Fiat Palio 1.0 Fire Economy Flex 3p;23900.0;2011;175.000 Km;Santo André ; São Paulo;Fiat
Chevrolet Classic 1.0 Ls Flex Power 4p;20900.0;2011;138.750 Km;São Paulo Zona Norte ; São Paulo;Chevrolet
Ford Ka 1.0 Tecno Flex 3p;18000.0;2009;130.809 Km;São Paulo Zona Oeste ; São Paulo;Ford
Jac J2 1.4 16v 5p;25000.0;2014;105.000 Km;São Paulo Zona Sul ; São Paulo;Jac
Fiat Siena 1.0 Fire Flex 4p;22990.0;2007;100.000 Km;São Paulo Zona Leste ; São Paulo;Fiat
Fiat Palio Palio 1.0 Economy Fire Flex 8v 4p;24990.0;2010;116.000 Km;Santo André ; São Paulo;Fiat
Ford Fiesta 1.6 Mpi Class Hatch 8v Flex 4p Manual;24900.0;2011;135.682 Km;Ribeirão Pires ; São Paulo;Ford
Chevrolet Corsa Corsa Hat. Maxx 1.0/ 1.0 Flexpower 8v 5p;21990.0;2005;98.741 Km;São Paulo Zona Norte ; São Paulo;Chevrolet
Ford Fiesta 1.0 Flex 5p;24990.0;2007;89.000 Km;Suzano ; São Paulo;Ford
Ford Fiesta Fiesta 1.0 8v Flex/class 1.0 8v Flex 5p;23990.0;2009;174.000 Km;São Paulo Zona Norte ; São Paulo;Ford
Chevrolet Celta 1.0 Spirit Flex Power 3p;24900.0;2010;84.000 Km;São Paulo Zona Sul ; São Paulo;Chevrolet
Volkswagen Santana 1.8 4p Álcool;21990.0;2003;149.430 Km;Guarulhos ; São Paulo;Volkswagen
Chevrolet Classic 1.0 Mpfi Ls 8v;20000.0;2011;176.000 Km;São Caetano do Sul ; São Paulo;Chevrolet
Fiat Mille 1.0 Fire Economy Flex 5p;14999.0;2009;90.489 Km;Taboão da Serra ; São Paulo;Fiat
Renault Scenic 1.6 16v Rxe 5p;18600.0;2001;221.389 Km;Barueri ; São Paulo;Renault
Citroën C3 1.4 8v Glx Flex 5p;24900.0;2012;165.977 Km;São Paulo Zona Leste ; São Paulo;Citroën
Volkswagen Gol 1.0 Trend Total Flex 5p;22500.0;2010;142.000 Km;Guarujá ; São Paulo;Volkswagen
Fiat Palio 1.0 Mpi Fire Economy 8v Flex 4p Manual;24900.0;2011;143.115 Km;Ribeirão Pires ; São Paulo;Fiat
Fiat Siena 1.0 Fire Flex 4p;22900.0;2008;159.902 Km;São Paulo Zona Leste ; São Paulo;Fiat
Renault Clio 1.0 16v Flex 2p Manual;18990.0;2011;160.000 Km;São Paulo Zona Sul ; São Paulo;Renault
Chevrolet Celta 1.0 Spirit Flex Power 5p;23900.0;2011;169.000 Km;Mauá ; São Paulo;Chevrolet
Citroën C3 1.4 8v Glx Flex 5p;24999.0;2012;125.000 Km;Santo André ; São Paulo;Citroën
Ford Ka 1.0 Flex 3p;23900.0;2009;120.000 Km;Santo André ; São Paulo;Ford
Fiat Palio Fire Economy Economy;23000.0;2013;205.000 Km;São Paulo Zona Sul ; São Paulo;Fiat
Renault Clio 1.0 16v Campus Get-up Hi-flex 3p;16500.0;2009;175.000 Km;São Paulo Zona Leste ; São Paulo;Renault
Chevrolet Classic 1.0 Ls Flex Power 4p;24999.0;2011;117.000 Km;São Paulo Zona Leste ; São Paulo;Chevrolet
Jac J3 1.4 16v 5p;17000.0;2010;187.000 Km;São Paulo Zona Oeste ; São Paulo;Jac
Peugeot 307 1.6 Presence Pack Flex 5p;24990.0;2009;139.065 Km;São Paulo Zona Norte ; São Paulo;Peugeot
Chevrolet Celta Celta Life 1.0 Vhce (flex) 2p;23900.0;2011;127.897 Km;São Paulo Zona Oeste ; São Paulo;Chevrolet
Ford Ka 1.0 Flex 3p;17200.0;2009;160.000 Km;Guarulhos ; São Paulo;Ford
Citroën Xsara Picasso 1.6 Glx Flex 5p;21990.0;2010;225.000 Km;Itaquaquecetuba ; São Paulo;Citroën
Chery Qq 1.1 16v 5p;18900.0;2012;96.000 Km;São Paulo Zona Oeste ; São Paulo;Chery
Renault Clio 1.0 16v Campus Hi-flex 5p;17800.0;2011;86.500 Km;São Paulo Zona Leste ; São Paulo;Renault
Chery Qq 1.1 16v 5p;19900.0;2013;133.000 Km;São Paulo Zona Sul ; São Paulo;Chery
Peugeot 207 1.4 Xr Flex 5p;19000.0;2010;68.000 Km;Santos ; São Paulo;Peugeot
Volkswagen Fox 1.0 Vht Total Flex 3p;23000.0;2009;111.000 Km;São Paulo Zona Oeste ; São Paulo;Volkswagen
Chevrolet Celta 1.0 Life Flex Power 3p;21990.0;2011;180.000 Km;São Paulo Zona Norte ; São Paulo;Chevrolet
Chery Face 1.3 16v 5p;21800.0;2012;80.000 Km;São Paulo Zona Sul ; São Paulo;Chery
Chevrolet Celta 1.0 3 Portas;20300.0;2012;115.600 Km;São Paulo Centro ; São Paulo;Chevrolet
Fiat Palio 1.3 Elx Flex 5p;23900.0;2005;198.934 Km;São Paulo Zona Sul ; São Paulo;Fiat
Peugeot 207 1.4 Xr Flex 5p;24990.0;2011;146.000 Km;São Paulo Zona Sul ; São Paulo;Peugeot
Citroën C3 1.4 8v Exclusive Flex 5p;23000.0;2011;160.000 Km;São Paulo Zona Oeste ; São Paulo;Citroën
Peugeot 207 207 Passion Xr 1.4 8v (flex);22990.0;2012;210.000 Km;São Paulo Zona Leste ; São Paulo;Peugeot
Chevrolet Classic 1.0 Ls Flex Power 4p;23900.0;2011;159.000 Km;São Paulo Zona Leste ; São Paulo;Chevrolet
Fiat Idea 1.4 Mpi Elx 8v;24500.0;2007;143.000 Km;São Paulo Zona Leste ; São Paulo;Fiat
Chevrolet Corsa Sedan 1.0 Super Milenium 4p;13900.0;1999;228.768 Km;Mauá ; São Paulo;Chevrolet
Citroën C3 1.4 8v Glx Flex 5p;24800.0;2011;125.000 Km;Osasco ; São Paulo;Citroën
Ford Ka 1.6 Flex 3p;23900.0;2009;109.658 Km;São Paulo Zona Leste ; São Paulo;Ford
Citroën C3 1.4 8v Exclusive Flex 5p;24590.0;2011;136.000 Km;São Paulo Zona Leste ; São Paulo;Citroën
Peugeot 207 1.6 16v Xs Flex 5p;23990.0;2009;110.000 Km;São Bernardo do Campo ; São Paulo;Peugeot
Chevrolet Celta 1.0 Spirit Flex Power 5p 77 Hp;14500.0;2009;175.400 Km;Guarulhos ; São Paulo;Chevrolet
Chevrolet Celta 1.0 Lt Flex Power 5p;24900.0;2012;178.000 Km;São Paulo Zona Norte ; São Paulo;Chevrolet
Chevrolet Celta Chevrolet Celta Spirit 1.0 Vhce (flex) 4p;24900.0;2011;121.020 Km;São Bernardo do Campo ; São Paulo;Chevrolet
Chevrolet Celta Celta Life 1.0 Vhce (flex) 4p;24900.0;2009;142.529 Km;Santo André ; São Paulo;Chevrolet
Ford Fiesta 1.0 Flex 5p;24990.0;2011;53.677 Km;Campinas ; São Paulo;Ford
Chevrolet Celta Celta Life 1.0 Vhc (flex) 4p;21000.0;2009;156.400 Km;São Paulo Zona Norte ; São Paulo;Chevrolet
Fiat Uno 1.0 Vivace Flex 3p;23900.0;2014;138.000 Km;Guarulhos ; São Paulo;Fiat
Chery Chery Qq 1.1 16v 5p;18500.0;2013;92.000 Km;São Bernardo do Campo ; São Paulo;Chery
Fiat Siena 1.0 Fire Flex 4p;24990.0;2010;154.516 Km;Osasco ; São Paulo;Fiat
Renault Sandero 1.6 Expression Hi-torque 5p;23800.0;2011;151.000 Km;São Paulo Zona Norte ; São Paulo;Renault
Fiat Uno 1.0 Vivace 8v;24900.0;2012;125.000 Km;São Paulo Zona Leste ; São Paulo;Fiat
Citroën C3 1.4 8v Glx Flex 5p;23900.0;2008;86.000 Km;São Paulo Zona Sul ; São Paulo;Citroën
Ford Ecosport 1.6 Xlt 5p;24999.0;2004;200.000 Km;São Paulo Zona Leste ; São Paulo;Ford
Ford Ka Ka 1.0 Flex;19990.0;2011;84.000 Km;São Paulo Zona Oeste ; São Paulo;Ford
Volkswagen Fox 1.0 Mi Plus 8v Flex 4p Manual;24999.0;2009;166.000 Km;São Paulo Zona Oeste ; São Paulo;Volkswagen
Chevrolet Celta 1.0 Ls Flex Power 3p;21000.0;2014;84.000 Km;São Paulo Zona Sul ; São Paulo;Chevrolet
Ford Focus 2.0 Glx Flex Aut. 5p;22000.0;2011;119.491 Km;São Paulo Zona Norte ; São Paulo;Ford
Ford Ka 1.0 Flex 3p;23900.0;2011;108.500 Km;Suzano ; São Paulo;Ford
Ford Ka 1.0 Mpi 8v Flex 2p Manual;21990.0;2009;124.839 Km;São Paulo Zona Leste ; São Paulo;Ford
Ford Fiesta 1.0 Personnalité 5p;17900.0;2005;128.000 Km;São Paulo Zona Leste ; São Paulo;Ford
Fiat Palio Weekend 1.4 Elx Flex 5p;24990.0;2007;190.000 Km;São Paulo Zona Sul ; São Paulo;Fiat
Peugeot 207 207 Hatch Xr S 1.4 8v (flex);21990.0;2009;127.283 Km;Osasco ; São Paulo;Peugeot
Chevrolet Zafira 2.0 8v 5p;22900.0;2002;255.110 Km;São Paulo Zona Leste ; São Paulo;Chevrolet
Chevrolet Celta 1.0 Mpfi Life 8v;23900.0;2010;123.000 Km;Santo André ; São Paulo;Chevrolet
Fiat Siena 1.0 Fire Flex 4p;24990.0;2010;154.516 Km;Osasco ; São Paulo;Fiat
Renault Sandero 1.6 Expression Hi-torque 5p;23800.0;2011;151.000 Km;São Paulo Zona Norte ; São Paulo;Renault
Fiat Palio 1.0 Fire Celebration Flex 3p;24900.0;2009;156.000 Km;São Paulo Zona Leste ; São Paulo;Fiat
Renault Scenic 1.6 16v Rxe 5p;18600.0;2001;221.389 Km;Barueri ; São Paulo;Renault
Ford Ecosport 1.6 Xlt 5p;24999.0;2004;200.000 Km;São Paulo Zona Leste ; São Paulo;Ford
Ford Ka Ka 1.0 Flex;19990.0;2011;84.000 Km;São Paulo Zona Oeste ; São Paulo;Ford
Volkswagen Fox 1.0 Mi Plus 8v Flex 4p Manual;24999.0;2009;166.000 Km;São Paulo Zona Oeste ; São Paulo;Volkswagen
Chevrolet Celta 1.0 Ls Flex Power 3p;21000.0;2014;84.000 Km;São Paulo Zona Sul ; São Paulo;Chevrolet
Ford Focus 2.0 Glx Flex Aut. 5p;22000.0;2011;119.491 Km;São Paulo Zona Norte ; São Paulo;Ford
Ford Ka 1.0 Flex 3p;23900.0;2011;108.500 Km;Suzano ; São Paulo;Ford
Ford Ka 1.0 Mpi 8v Flex 2p Manual;21990.0;2009;124.839 Km;São Paulo Zona Leste ; São Paulo;Ford
Ford Fiesta 1.0 Personnalité 5p;17900.0;2005;128.000 Km;São Paulo Zona Leste ; São Paulo;Ford
Fiat Palio Weekend 1.4 Elx Flex 5p;24990.0;2007;190.000 Km;São Paulo Zona Sul ; São Paulo;Fiat
Peugeot 207 207 Hatch Xr S 1.4 8v (flex);21990.0;2009;127.283 Km;Osasco ; São Paulo;Peugeot
Chevrolet Zafira 2.0 8v 5p;22900.0;2002;255.110 Km;São Paulo Zona Leste ; São Paulo;Chevrolet
Chevrolet Celta 1.0 Mpfi Life 8v;23900.0;2010;123.000 Km;Santo André ; São Paulo;Chevrolet
Volkswagen Gol 1.0 Trend Total Flex 5p;23000.0;2011;156.827 Km;São Paulo Zona Norte ; São Paulo;Volkswagen
Ford Fiesta Sedan 1.6 Pulse Flex 4p;23900.0;2011;210.000 Km;São Paulo Zona Sul ; São Paulo;Ford
Renault Logan 1.6 Expression Hi-torque 4p;19900.0;2010;150.000 Km;São Paulo Zona Leste ; São Paulo;Renault
Fiat Mille 1.0 Fire Economy Flex 3p;19900.0;2008;203.000 Km;Carapicuíba ; São Paulo;Fiat
Chevrolet Celta 1.0 Life Flex Power 5p;21900.0;2009;156.175 Km;Ribeirão Pires ; São Paulo;Chevrolet
Volkswagen Fox Fox City 1.0 (flex) 2p;18890.0;2007;167.000 Km;Osasco ; São Paulo;Volkswagen
Ford Fiesta 1.0 Flex 5p;25000.0;2010;256.000 Km;São Paulo Zona Oeste ; São Paulo;Ford
Renault Logan 1.0 16v Expression Hi-flex 4p;21890.0;2008;157.000 Km;São Paulo Zona Leste ; São Paulo;Renault
Peugeot 207 1.4 Xr Flex 5p;24800.0;2012;73.000 Km;São Paulo Zona Oeste ; São Paulo;Peugeot
Chevrolet Celta Spirit;19990.0;2010;99.000 Km;São Paulo Zona Leste ; São Paulo;Chevrolet
Volkswagen Gol 1.0 Trend Total Flex 5p;21900.0;2011;155.600 Km;São Paulo Zona Leste ; São Paulo;Volkswagen
Peugeot 206 1.4 Sensation Flex 5p;16900.0;2009;149.000 Km;São Paulo Zona Sul ; São Paulo;Peugeot
Chevrolet Classic Classic Spirit 1.0 (flex);22999.0;2009;135.000 Km;São Paulo Zona Leste ; São Paulo;Chevrolet
Renault Sandero 1.0 16v Expression Hi-flex 5p;23999.0;2011;164.654 Km;São Paulo Zona Leste ; São Paulo;Renault
Chevrolet Celta Celta Life 1.0 Vhc (flex) 2p;19890.0;2011;146.000 Km;São Paulo Zona Norte ; São Paulo;Chevrolet
Ford Fiesta Sedan 1.0 Mpi Sedan 8v;19900.0;2008;174.000 Km;Osasco ; São Paulo;Ford
Ford Ka 1.0 Mpi 8v Flex 2p Manual;24890.0;2010;90.277 Km;São Bernardo do Campo ; São Paulo;Ford
Chevrolet Corsa Sedan 1.0 Mpfi Sedan 8v;19900.0;2004;154.000 Km;São Paulo Zona Sul ; São Paulo;Chevrolet
Ford Ka 1.0 Flex 3p;19500.0;2012;100.000 Km;São Paulo Zona Sul ; São Paulo;Ford
Ford Ka 1.6 Flex 3p;24990.0;2009;140.000 Km;São Bernardo do Campo ; São Paulo;Ford
Chevrolet Celta 1.0 Spirit Flex Power 3p;23800.0;2010;123.000 Km;São Paulo Zona Sul ; São Paulo;Chevrolet
Chery Chery Qq 1.1 16v 5p;18000.0;2012;57.000 Km;Santos ; São Paulo;Chery
Ford Ka 1.0 Flex 3p;18900.0;2009;110.465 Km;Diadema ; São Paulo;Ford
Peugeot 207 1.4 Xr Flex 5p;18000.0;2012;290.000 Km;São Paulo Zona Sul ; São Paulo;Peugeot
Fiat Palio Palio 1.0 Mpi Fire Economy 8v Flex 2p Manual;21900.0;2010;181.370 Km;Carapicuíba ; São Paulo;Fiat
Fiat Palio 1.0 Fire Economy Flex 5p;24900.0;2010;179.435 Km;São Paulo Zona Sul ; São Paulo;Fiat
Citroën C3 1.6 16v Exclusive 5p;17800.0;2004;178.000 Km;São Paulo Zona Leste ; São Paulo;Citroën
Renault Sandero 1.0 16v Expression Hi-flex 5p;20990.0;2011;150.000 Km;São Paulo Zona Leste ; São Paulo;Renault
Fiat Palio 1.0 Ex 3p;24890.0;2005;99.000 Km;São Paulo Zona Leste ; São Paulo;Fiat
Volkswagen Fox 1.0 Mi City 8v;24900.0;2007;128.000 Km;São Paulo Zona Sul ; São Paulo;Volkswagen
Volkswagen Fox 1.0 City Total Flex 5p;23990.0;2005;192.000 Km;São Paulo Zona Sul ; São Paulo;Volkswagen
Chevrolet Celta 1.0 Life Flex Power 3p;18900.0;2011;123.400 Km;Santo André ; São Paulo;Chevrolet
Volkswagen Gol 1.6 3p Gasolina;14990.0;1997;150.000 Km;São Paulo Zona Leste ; São Paulo;Volkswagen
Ford Ka 1.0 Flex 3p;16900.0;2009;90.000 Km;São Paulo Zona Sul ; São Paulo;Ford
Chevrolet Corsa Classic 1.0 Life Flex Power 4p;21990.0;2007;181.000 Km;Itaquaquecetuba ; São Paulo;Chevrolet
Chevrolet Celta Life;22000.0;2008;200.000 Km;São Paulo Zona Sul ; São Paulo;Chevrolet
Ford Fiesta 1.0 Flex 5p;22000.0;2013;129.000 Km;Carapicuíba ; São Paulo;Ford
Peugeot 207 1.4 X-line Flex 3p;20900.0;2011;68.580 Km;Suzano ; São Paulo;Peugeot
Fiat Palio Palio 1.0 Economy Fire Flex 8v 4p;22900.0;2010;173.120 Km;São Paulo Zona Norte ; São Paulo;Fiat
Fiat Siena 1.0 Fire Flex 4p;18999.0;2008;171.000 Km;São Paulo Zona Sul ; São Paulo;Fiat
Peugeot 207 Sw 1.4 Xr Flex 5p;18500.0;2009;199.000 Km;São Paulo Zona Sul ; São Paulo;Peugeot
Volkswagen Gol 1.0 Trend Total Flex 3p;20900.0;2012;350.000 Km;Santa Bárbara D'Oeste ; São Paulo;Volkswagen
Ford Fiesta 1.0 Flex 5p;18500.0;2009;169.000 Km;São Bernardo do Campo ; São Paulo;Ford
Fiat Palio 1.0 Fire Economy Flex 3p;23900.0;2013;148.000 Km;Mogi das Cruzes ; São Paulo;Fiat
Peugeot 207 1.4 Xr Flex 5p;22990.0;2012;157.000 Km;Diadema ; São Paulo;Peugeot
Fiat Siena Siena Fire 1.0 8v (flex);24890.0;2008;145.556 Km;São Paulo Zona Norte ; São Paulo;Fiat
Renault Symbol Symbol 1.6 16v Privilège (flex);24900.0;2011;149.711 Km;Santo André ; São Paulo;Renault
Renault Clio Clio Hatch. Campus 1.0 16v (flex) 4p;20900.0;2009;208.000 Km;São Paulo Zona Sul ; São Paulo;Renault
Chevrolet Celta 1.0 Mpfi Vhc Super 8v;10000.0;2004;145.000 Km;São Caetano do Sul ; São Paulo;Chevrolet
Chevrolet Meriva 1.8 Maxx Flex Power 5p;22900.0;2007;180.000 Km;São Paulo Zona Leste ; São Paulo;Chevrolet
Ford Fiesta 1.6 Fly Flex 5p;24000.0;2011;138.000 Km;São Paulo Zona Leste ; São Paulo;Ford
Fiat Uno 1.0 Vivace Flex 3p;23900.0;2014;138.000 Km;Guarulhos ; São Paulo;Fiat
Chevrolet Celta 1.0 Ls Flex Power 3p;24000.0;2012;155.000 Km;Franco da Rocha ; São Paulo;Chevrolet
Nissan Versa 1.6 16v Sv Flex 4p;18000.0;2012;231.000 Km;São Paulo Zona Norte ; São Paulo;Nissan
Citroën C3 1.4 8v Glx Flex 5p;21600.0;2008;118.200 Km;São Paulo Zona Leste ; São Paulo;Citroën
Citroën C3 1.4 8v Glx Flex 5p;23900.0;2008;86.000 Km;São Paulo Zona Sul ; São Paulo;Citroën
Peugeot 207 1.4 Xr Flex 5p;21900.0;2012;154.000 Km;Santo André ; São Paulo;Peugeot
Peugeot 206 Feline 1.6;14900.0;2004;221.000 Km;Taboão da Serra ; São Paulo;Peugeot
Citroën C4 Hatch Exclusive;22000.0;2010;100.000 Km;Mogi das Cruzes ; São Paulo;Citroën
Chevrolet Corsa Classic Classic Life;21000.0;2010;251.738 Km;São Paulo Zona Sul ; São Paulo;Chevrolet
Chevrolet Celta 1.0 Mpfi Life 8v Flex 2p Manual;21900.0;2011;213.783 Km;São Paulo Zona Oeste ; São Paulo;Chevrolet
Ford Ka 1.0 Mpi 8v Flex 2p Manual;19990.0;2009;189.457 Km;Campinas ; São Paulo;Ford
Fiat Palio Palio Celebration 1.0 Fire Flex 8v 4p;18900.0;2007;170.000 Km;São Paulo Zona Leste ; São Paulo;Fiat
Renault Clio Clio Hatch. Campus 1.0 16v (flex) 4p;24900.0;2009;115.500 Km;São Paulo Zona Norte ; São Paulo;Renault
Chevrolet Classic 1.0 Flex Power 4p;16900.0;2010;290.000 Km;Osasco ; São Paulo;Chevrolet
Volkswagen Fox Fox 1.0 8v (flex);21900.0;2006;221.985 Km;Santo André ; São Paulo;Volkswagen
Fiat Palio 1.0 Fire Economy Flex 5p;24990.0;2010;149.000 Km;São Paulo Zona Leste ; São Paulo;Fiat
Citroën C3 1.4 8v Glx Flex 5p;22500.0;2011;80.000 Km;São Bernardo do Campo ; São Paulo;Citroën
Volkswagen Fox 1.0 City Total Flex 5p;24900.0;2010;89.000 Km;São Paulo Zona Sul ; São Paulo;Volkswagen
Ford Fiesta 1.6 8v Flex/class 1.6 8v Flex 5p;22490.0;2008;104.336 Km;São Paulo Zona Leste ; São Paulo;Ford
Chevrolet Celta 1.0 Mpfi Vhc Super 8v Gasolina 2p Manual;15900.0;2003;217.300 Km;Santo André ; São Paulo;Chevrolet
Volkswagen Gol 1.0 Trend Total Flex 5p;22000.0;2013;24.000 Km;São Paulo Zona Leste ; São Paulo;Volkswagen
Chevrolet Celta 1.0 Mpfi Spirit 8v Flex 4p Manual;24990.0;2010;237.100 Km;São Paulo Zona Leste ; São Paulo;Chevrolet
Volkswagen Gol 1.0 Total Flex 5p;19990.0;2011;185.000 Km;Osasco ; São Paulo;Volkswagen
Renault Clio 1.0 16v Rn 5p;20890.0;2003;149.000 Km;São Paulo Zona Leste ; São Paulo;Renault
Ford Ka 1.0 Flex 3p;18000.0;2012;130.000 Km;São Paulo Zona Leste ; São Paulo;Ford
Renault Sandero Expression 1.0 16v Hi-flex Mec.;24900.0;2012;149.000 Km;São Paulo Zona Norte ; São Paulo;Renault
Mercedes-benz Classe A 1.6 Classic 5p;18990.0;2004;184.000 Km;São Paulo Zona Norte ; São Paulo;Mercedes-benz
Peugeot 207 207 Passion Xr 1.4 8v (flex);21890.0;2012;175.124 Km;Barueri ; São Paulo;Peugeot
Citroën C3 1.4 8v Glx Flex 5p;24890.0;2010;200.000 Km;São Paulo Zona Leste ; São Paulo;Citroën
Citroën C3 1.4 8v Glx Flex 5p;24890.0;2010;200.000 Km;São Paulo Zona Leste ; São Paulo;Citroën
Chevrolet Corsa 1.0 Joy Flex Power 5p;20900.0;2006;197.000 Km;São Bernardo do Campo ; São Paulo;Chevrolet
Volkswagen Gol 1.6 3p Gasolina;13990.0;1996;204.414 Km;Guarulhos ; São Paulo;Volkswagen
Volkswagen Pointer 1.8 I 8v;12990.0;1996;130.000 Km;Itapecerica da Serra ; São Paulo;Volkswagen
Ford Fiesta 1.0 8v Flex/class 1.0 8v Flex 5p;20990.0;2007;130.000 Km;São Bernardo do Campo ; São Paulo;Ford
Fiat Palio 1.0 Fire Economy Flex 3p;24900.0;2011;111.300 Km;São Paulo Zona Norte ; São Paulo;Fiat
Fiat Palio Weekend 1.8 Ex 5p;16800.0;2003;187.461 Km;Osasco ; São Paulo;Fiat
Volkswagen Fox Fox 1.0 8v (flex);23990.0;2008;168.000 Km;Santo André ; São Paulo;Volkswagen
Chevrolet Astra Sedan Astra Sedan Comfort 2.0 (flex);23900.0;2007;97.000 Km;São Bernardo do Campo ; São Paulo;Chevrolet
Ford Fiesta Hatch  1.0 8v Flex 4p Mec.;23990.0;2009;132.000 Km;Osasco ; São Paulo;Ford
Fiat Palio 1.0 Fire Economy Flex 3p;21900.0;2011;170.000 Km;São Paulo Zona Norte ; São Paulo;Fiat
Fiat Palio 1.0 Mpi Elx 8v Flex 4p Manual;20990.0;2008;200.000 Km;São Paulo Centro ; São Paulo;Fiat
Peugeot 206 Sw 1.6 16v Escapade Flex 5p;19870.0;2007;159.000 Km;São Paulo Zona Leste ; São Paulo;Peugeot
Peugeot 207 1.4 Xr Flex 5p;16900.0;2011;140.000 Km;São Bernardo do Campo ; São Paulo;Peugeot
Fiat Palio Weekend 1.8 Hlx Flex 5p;22900.0;2005;159.902 Km;São Paulo Zona Leste ; São Paulo;Fiat
Citroën C3 C3 Exclusive 1.4 8v (flex);21900.0;2008;141.000 Km;São Paulo Zona Leste ; São Paulo;Citroën
Fiat Siena 1.0 Fire 4p;14899.0;2003;185.000 Km;São Paulo Zona Norte ; São Paulo;Fiat
Volkswagen Gol 1.0 Special 2p;14777.0;1999;199.000 Km;São Paulo Zona Leste ; São Paulo;Volkswagen
Fiat Palio 1.0 Fire Economy Flex 5p;19900.0;2012;153.000 Km;São Paulo Zona Leste ; São Paulo;Fiat
Chevrolet Corsa 1.4 Maxx Econoflex 5p;24900.0;2012;185.300 Km;Santo André ; São Paulo;Chevrolet
Fiat Palio 1.0 Fire Flex 3p;24990.0;2016;48.000 Km;São Paulo Zona Oeste ; São Paulo;Fiat
Fiat Palio 1.0 Fire Flex 5p;18900.0;2006;220.000 Km;São Paulo Zona Sul ; São Paulo;Fiat
Citroën Xsara Picasso 1.6 Glx Flex 5p;22500.0;2009;113.000 Km;São Paulo Zona Leste ; São Paulo;Citroën
Chevrolet Celta 1.0 Life Flex Power 3p;18990.0;2009;150.000 Km;São Paulo Zona Sul ; São Paulo;Chevrolet
Volkswagen Voyage 1.6 S 8v;24900.0;1986;53.000 Km;Osasco ; São Paulo;Volkswagen
Volkswagen Fox 1.0 City Total Flex 5p;23990.0;2008;291.665 Km;São Paulo Zona Leste ; São Paulo;Volkswagen
Fiat Palio 1.0 Fire Economy Flex 3p;15990.0;2009;193.000 Km;São Paulo Zona Leste ; São Paulo;Fiat
Citroën C4 2.0 Glx Pallas 16v Gasolina 4p Automático;22000.0;2008;150.000 Km;São Paulo Zona Sul ; São Paulo;Citroën
Volkswagen Gol 1.0 Total Flex 3p;24990.0;2011;100.000 Km;São Paulo Zona Leste ; São Paulo;Volkswagen
Volkswagen Gol 1.6 Plus Total Flex 5p;19900.0;2004;220.000 Km;Carapicuíba ; São Paulo;Volkswagen
Chevrolet Corsa 1.0 Mpfi Joy 8v;22900.0;2007;48.000 Km;São Paulo Zona Sul ; São Paulo;Chevrolet
Citroën Xsara 1.8 Glx Aut. 3p;14800.0;1999;72.173 Km;São Paulo Zona Norte ; São Paulo;Citroën
Fiat Uno 1.0 Smart 5p Gasolina;18890.0;2001;140.000 Km;São Paulo Zona Leste ; São Paulo;Fiat
Renault Sandero 1.0 16v Expression Hi-flex 5p;24500.0;2011;160.000 Km;Rio Grande da Serra ; São Paulo;Renault
Kia Picanto 1.1 Ex 12v Gasolina 4p Manual;23890.0;2007;139.229 Km;São Bernardo do Campo ; São Paulo;Kia
Peugeot 207 1.4 Xr Sport Flex 5p;22790.0;2011;190.000 Km;São Paulo Zona Sul ; São Paulo;Peugeot
Renault Sandero Aut1016v;23900.0;2009;160.165 Km;São Paulo Zona Leste ; São Paulo;Renault
Fiat Uno Uno Economy 1.0;20900.0;2012;199.000 Km;São Paulo Zona Leste ; São Paulo;Fiat
Chery Face 1.3 16v 5p;22900.0;2011;64.000 Km;São Paulo Zona Leste ; São Paulo;Chery
Citroën C3 1.4 8v Glx Flex 5p;22999.0;2011;118.000 Km;São Bernardo do Campo ; São Paulo;Citroën
Chevrolet Celta 1.0 Life 2p;16900.0;2007;239.000 Km;Taboão da Serra ; São Paulo;Chevrolet
Renault Sandero 1.0 16v Expression Hi-flex 5p;25000.0;2012;96.000 Km;São Bernardo do Campo ; São Paulo;Renault
Chevrolet Classic 1.0 Flex Power 4p;22800.0;2010;170.000 Km;Guarulhos ; São Paulo;Chevrolet
Ford Fiesta 1.0 Flex 5p;25000.0;2009;78.000 Km;Presidente Epitácio ; São Paulo;Ford
Renault Scenic 1.6 Authentique 16v Flex 4p Manual;21800.0;2006;180.000 Km;Guarulhos ; São Paulo;Renault
Ford Fiesta 1.0 Flex 5p;24000.0;2011;122.000 Km;Santo André ; São Paulo;Ford
Peugeot 206 1.6 16v Soleil 5p;12900.0;2003;200.000 Km;São Paulo Zona Sul ; São Paulo;Peugeot
Citroën C4 2.0 Exclusive Flex Aut. 5p;24000.0;2009;142.130 Km;Santo André ; São Paulo;Citroën
Citroën C3 1.6 16v Exclusive Flex 5p;21900.0;2006;178.000 Km;São Paulo Zona Leste ; São Paulo;Citroën
Volkswagen Voyage 1.6 C 2p;10900.0;1990;313.464 Km;Mauá ; São Paulo;Volkswagen
Chevrolet Chevette Chevrolet Chevette Sedan Sl 1.6 S;20900.0;1990;179.000 Km;São Paulo Centro ; São Paulo;Chevrolet
Peugeot 207 Passion 1.4 Xr Flex 4p;19999.0;2010;100.000 Km;São Paulo Zona Leste ; São Paulo;Peugeot
Citroën C3 1.4 8v Exclusive Flex 5p;25000.0;2012;141.000 Km;São Paulo Zona Sul ; São Paulo;Citroën
Renault Symbol Symbol 1.6 8v Expression Hi-torque (flex);24900.0;2011;128.000 Km;São Paulo Zona Norte ; São Paulo;Renault
Ford Ka 1.0 Gl 3p;10900.0;2007;108.000 Km;São Paulo Zona Leste ; São Paulo;Ford
Citroën C3 1.4 8v Glx Flex 5p;21900.0;2008;149.000 Km;São Paulo Zona Norte ; São Paulo;Citroën
Volkswagen Gol 1.0 Ecomotion Total Flex 3p;22000.0;2011;185.456 Km;Santo André ; São Paulo;Volkswagen
Chevrolet Corsa 1.0 Joy Flex Power 5p;23990.0;2009;23.990 Km;São Paulo Zona Leste ; São Paulo;Chevrolet
Ford Ka 1.0 Flex 3p;16500.0;2009;98.000 Km;São Paulo Zona Leste ; São Paulo;Ford
Ford Fiesta Ford Fiesta Hatch 1.0 (flex);24900.0;2010;169.310 Km;São Bernardo do Campo ; São Paulo;Ford
Peugeot 207 1.4 Xr Flex 5p;19990.0;2013;126.000 Km;São Paulo Zona Leste ; São Paulo;Peugeot
Ford Ka 1.0 Flex 3p;17000.0;2009;135.000 Km;Franco da Rocha ; São Paulo;Ford
Chevrolet Classic 1.0 Ls Flex Power 4p;24990.0;2013;110.000 Km;São Paulo Zona Oeste ; São Paulo;Chevrolet
Peugeot 307 Sedan 1.6 Presence Flex 4p;24990.0;2007;100.000 Km;São Paulo Zona Leste ; São Paulo;Peugeot
Chevrolet Prisma 1.4 Maxx Econoflex 4p;24990.0;2008;100.000 Km;São Paulo Zona Leste ; São Paulo;Chevrolet
Citroën C3 1.6 Exclusive 16v Flex 4p Manual;22977.0;2009;120.000 Km;São Paulo Zona Oeste ; São Paulo;Citroën
Fiat Uno 1.0 Vivace Flex 3p;21000.0;2013;161.000 Km;Guarujá ; São Paulo;Fiat
Ford Fiesta 1.0 Street 3p;13900.0;2002;145.000 Km;Carapicuíba ; São Paulo;Ford
Chevrolet Corsa 1.4 Maxx Econoflex 5p;25000.0;2012;197.000 Km;São Paulo Zona Sul ; São Paulo;Chevrolet
Fiat Uno 1.0 Vivace 8v;24900.0;2012;125.000 Km;São Paulo Zona Leste ; São Paulo;Fiat
Fiat Palio 1.4 Elx Flex 5p;24500.0;2007;160.468 Km;Diadema ; São Paulo;Fiat
Chevrolet Kadett 1.8 Gl 3p;11888.0;1996;58.000 Km;Taboão da Serra ; São Paulo;Chevrolet
Fiat Palio 1.3 Elx Flex 5p;23990.0;2004;178.000 Km;São Paulo Zona Norte ; São Paulo;Fiat
Ford Ka 1.0 Flex 3p;19900.0;2009;100.000 Km;Osasco ; São Paulo;Ford
Honda Civic 1.7 Lx Aut. 4p;17000.0;2002;250.000 Km;São Paulo Zona Leste ; São Paulo;Honda
Fiat Idea 1.4 Elx Flex 5p;24900.0;2010;176.000 Km;Guarulhos ; São Paulo;Fiat
Chevrolet Corsa Classic 1.0 Life Flex Power 4p;16900.0;2007;136.704 Km;São Paulo Zona Norte ; São Paulo;Chevrolet
Chevrolet Vectra 2.2 Gls 4p;21900.0;1997;243.000 Km;São Paulo Zona Sul ; São Paulo;Chevrolet
Peugeot 207 1.4 Xr Flex 5p;18900.0;2010;99.000 Km;São Paulo Zona Sul ; São Paulo;Peugeot
Chevrolet Corsa Classic 1.0 Life 4p Gasolina;18900.0;2005;139.000 Km;Santo André ; São Paulo;Chevrolet
Ford Fiesta 1.6 Trend Flex 5p;22900.0;2008;145.000 Km;São Paulo Zona Sul ; São Paulo;Ford
Renault Clio Sedan 1.0 16v Privilège 4p;19990.0;2005;174.000 Km;Campinas ; São Paulo;Renault
Citroën C3 1.4 8v Exclusive Flex 5p;23900.0;2010;140.000 Km;São Paulo Zona Sul ; São Paulo;Citroën
Chevrolet Celta 1.0 Spirit Flex Power 3p;24990.0;2008;95.000 Km;São Paulo Zona Leste ; São Paulo;Chevrolet
Citroën C3 1.4 8v Glx Flex 5p;19890.0;2010;166.022 Km;São Paulo Zona Norte ; São Paulo;Citroën
Citroën C3 1.4 8v X-tr Flex 5p;21900.0;2008;115.000 Km;Osasco ; São Paulo;Citroën
Fiat Palio 1.0 Fire Flex 3p;16900.0;2007;220.000 Km;São Paulo Zona Leste ; São Paulo;Fiat
Chevrolet Prisma 1.4 Joy Econoflex 4p;20900.0;2009;192.000 Km;Ribeirão Pires ; São Paulo;Chevrolet
Citroën C3 1.4 8v Exclusive Flex 5p;17999.0;2008;125.000 Km;São Paulo Zona Oeste ; São Paulo;Citroën
Fiat Siena 1.0 Mpi Fire 8v Flex 4p Manual;22889.0;2010;229.000 Km;Taboão da Serra ; São Paulo;Fiat
Volkswagen Golf Gl 1.6 Completo;22900.0;1995;197.931 Km;Santo André ; São Paulo;Volkswagen
Chevrolet Prisma 1.4 Mpfi Joy 8v Flex 4p Manual;23800.0;2008;160.000 Km;Guarulhos ; São Paulo;Chevrolet
Peugeot 207 Passion 1.6 16v Xs Flex 4p;20490.0;2010;142.000 Km;São Paulo Zona Norte ; São Paulo;Peugeot
Toyota Corona 2.0 4p;4000.0;1997;200.000 Km;São Paulo Zona Leste ; São Paulo;Toyota
Renault Clio 1.0 16v Campus Hi-flex 5p;20000.0;2011;144.000 Km;São Paulo Zona Sul ; São Paulo;Renault
Fiat Palio 1.0 Fire Flex 5p;22900.0;2007;211.000 Km;São Paulo Zona Sul ; São Paulo;Fiat
Peugeot 207 Passion 1.4 Xr Sport 10 Anos Flex 4p;21900.0;2011;80.000 Km;São Paulo Zona Sul ; São Paulo;Peugeot
Chevrolet Corsa Sedan 1.0 4p;20999.0;2004;123.456 Km;São Paulo Zona Norte ; São Paulo;Chevrolet
Chevrolet Celta 1.0 Life 3p;18900.0;2005;162.000 Km;São Bernardo do Campo ; São Paulo;Chevrolet
Renault Sandero 1.0 16v Expression Hi-flex 5p;23500.0;2012;171.000 Km;Guarulhos ; São Paulo;Renault
Suzuki Ignis 1.3 16v Gl 4x2 Aut. 5p;25000.0;2003;117.500 Km;São Paulo Zona Oeste ; São Paulo;Suzuki
Chevrolet Corsa Sedan 1.4 Mpfi Maxx Sedan 8v;23900.0;2010;290.000 Km;São Paulo Zona Leste ; São Paulo;Chevrolet
Chevrolet Astra Sedan 2.0 Comfort Flex Power 4p;23900.0;2006;198.000 Km;São Paulo Zona Leste ; São Paulo;Chevrolet
Volkswagen Fox 1.0 Vht Total Flex 5p;19500.0;2009;156.500 Km;Osasco ; São Paulo;Volkswagen
Chevrolet Celta 1.0 Life Flex Power 5p;23900.0;2010;180.000 Km;São Paulo Zona Leste ; São Paulo;Chevrolet
Chevrolet Vectra 2.2 Gls 4p;16900.0;1999;243.000 Km;São Paulo Zona Norte ; São Paulo;Chevrolet
Fiat Idea 1.4 Elx Flex 5p;23900.0;2007;164.806 Km;Guarulhos ; São Paulo;Fiat
Volkswagen Fox 1.0 Vht City Total Flex 5p;22000.0;2009;196.000 Km;Mogi das Cruzes ; São Paulo;Volkswagen
Peugeot 207 Passion 1.4 Xr Flex 4p;15999.0;2010;140.000 Km;São Bernardo do Campo ; São Paulo;Peugeot
Volkswagen Fox 1.0 Vht Total Flex 5p;24900.0;2010;110.000 Km;São Bernardo do Campo ; São Paulo;Volkswagen
Volkswagen Gol 1.0 Trend Total Flex 5p;17499.0;2008;176.000 Km;São Bernardo do Campo ; São Paulo;Volkswagen
Peugeot 207 Passion 1.4 Xr Sport Flex 4p;19900.0;2010;117.000 Km;São Paulo Zona Sul ; São Paulo;Peugeot
Fiat Palio 1.0 Fire Economy Flex 5p;24990.0;2012;134.000 Km;São Paulo Zona Sul ; São Paulo;Fiat
Renault Sandero 1.0 Expression 16v;23900.0;2008;147.000 Km;Osasco ; São Paulo;Renault
Renault Clio Sedan 1.6 16v Privilège 4p;24990.0;2005;131.300 Km;São Caetano do Sul ; São Paulo;Renault
Peugeot 207 Sw 1.4 Xr Sw 8v;24900.0;2012;170.000 Km;São Paulo Zona Leste ; São Paulo;Peugeot
Chery Qq 1.1 16v 5p;20900.0;2013;76.983 Km;São Paulo Zona Norte ; São Paulo;Chery
Ford Fiesta Sedan 1.6 Flex 4p;23900.0;2007;240.000 Km;Barueri ; São Paulo;Ford
Fiat Palio 1.0 Fire 5p;18900.0;2003;168.000 Km;São Paulo Zona Leste ; São Paulo;Fiat
Fiat Stilo 1.8 8v Flex Dualogic 5p;22800.0;2009;186.000 Km;Mauá ; São Paulo;Fiat
Ford Fiesta 1.0 Flex 5p;23900.0;2009;111.000 Km;São Paulo Zona Sul ; São Paulo;Ford
Renault Scenic 1.6 16v Expression Hi-flex 5p;19000.0;2007;220.337 Km;Guarulhos ; São Paulo;Renault
Fiat Palio 1.0 Fire Economy Flex 3p;23990.0;2013;186.000 Km;Carapicuíba ; São Paulo;Fiat
Renault Sandero 1.0 16v Authentique Hi-flex 5p;24990.0;2013;148.000 Km;São Paulo Zona Leste ; São Paulo;Renault
Chevrolet Celta 1.0 Mpfi Vhc Life 8v Flex 4p Manual;19800.0;2005;167.000 Km;Guarulhos ; São Paulo;Chevrolet
Renault Sandero 1.0 16v Expression Hi-flex 5p;21900.0;2009;122.000 Km;São Bernardo do Campo ; São Paulo;Renault
Fiat Palio Weekend 1.5 Mpi 5p;15900.0;1998;299.000 Km;São Paulo Zona Sul ; São Paulo;Fiat
Ford Ecosport 1.0 Xl Supercharger 5p;21900.0;2004;211.000 Km;Guarulhos ; São Paulo;Ford
Volkswagen Gol 1.0 Total Flex 5p;22900.0;2009;180.000 Km;São Paulo Zona Sul ; São Paulo;Volkswagen
Volkswagen Fox 1.0 City Total Flex 3p;19990.0;2008;158.990 Km;São Paulo Zona Leste ; São Paulo;Volkswagen
Peugeot 207 Xs 1.6 Completo;24790.0;2010;193.000 Km;São Paulo Zona Sul ; São Paulo;Peugeot
Renault Clio Hatch 1.0 Authentique;12900.0;2008;211.000 Km;Taboão da Serra ; São Paulo;Renault
Chevrolet Corsa Sedan 1.0 4p;19900.0;2004;180.000 Km;São Paulo Zona Sul ; São Paulo;Chevrolet
Volkswagen Fox 1.6 Vht Plus Total Flex 5p;25000.0;2009;193.000 Km;Guarulhos ; São Paulo;Volkswagen
Renault Sandero 1.0 16v Expression Hi-flex 5p;24999.0;2011;130.000 Km;Guarulhos ; São Paulo;Renault
Ford Fiesta 1.0 Flex 5p;21500.0;2012;127.000 Km;Osasco ; São Paulo;Ford
Renault Scenic Scénic Expression 1.6 16v;16900.0;2004;9.241.000 Km;Osasco ; São Paulo;Renault
Chevrolet Celta 1.0 Super Flex Power 5p;21900.0;2007;192.000 Km;São Paulo Zona Norte ; São Paulo;Chevrolet
Volkswagen Gol 1.0 16v 5p;13990.0;2000;248.000 Km;São Paulo Zona Sul ; São Paulo;Volkswagen
Fiat Siena 1.0 Fire Celebration Flex 4p;18990.0;2007;213.098 Km;Osasco ; São Paulo;Fiat
Chevrolet Corsa Classic 1.6 Spirit 4p;19890.0;2007;158.819 Km;Santo André ; São Paulo;Chevrolet
Fiat Palio 1.0 Fire Flex 5p;23990.0;2007;136.000 Km;Campinas ; São Paulo;Fiat
Fiat Palio 1.0 Fire Economy Flex 3p;15500.0;2011;286.346 Km;São Paulo Zona Leste ; São Paulo;Fiat
Fiat Uno Mille Uno Mille Fire Economy 1.0 (flex) 2p;23900.0;2013;195.338 Km;Suzano ; São Paulo;Fiat
Ford Fiesta 1.0 Flex 5p;20000.0;2007;144.000 Km;São Paulo Zona Norte ; São Paulo;Ford
Citroën C3 1.4 8v Glx Flex 5p;19800.0;2008;159.000 Km;São Paulo Zona Sul ; São Paulo;Citroën
Fiat Palio 1.0 Mpi Ex 8v;17900.0;2002;127.845 Km;Carapicuíba ; São Paulo;Fiat
Renault Logan 1.6 Expression Hi-torque 4p;20000.0;2010;181.000 Km;Santo André ; São Paulo;Renault
Chevrolet Corsa Sedan 1.4 Maxx Econoflex 4p;23900.0;2009;171.000 Km;São Paulo Zona Norte ; São Paulo;Chevrolet
Fiat Siena 1.0 Fire Flex 4p;23900.0;2008;223.000 Km;Carapicuíba ; São Paulo;Fiat
Volkswagen Fox 1.0 Vht Trend Total Flex 5p;24000.0;2011;189.000 Km;São Paulo Zona Leste ; São Paulo;Volkswagen
Fiat Idea Elx Flex;22990.0;2007;187.000 Km;São Paulo Zona Sul ; São Paulo;Fiat
Citroën C3 1.4 8v Glx Flex 5p;20600.0;2009;134.400 Km;São Paulo Zona Norte ; São Paulo;Citroën
Volkswagen Kombi 1.6 3p Gasolina;12000.0;1994;58.000 Km;São Paulo Centro ; São Paulo;Volkswagen
Fiat Linea 1.9 16v Flex 4p;19900.0;2009;186.172 Km;São Paulo Centro ; São Paulo;Fiat
Renault Clio 1.0 16v Authentique Hi-power 3p;19000.0;2013;53.162 Km;Embu Guaçu ; São Paulo;Renault
Renault Clio 1.0 16v Campus Hi-flex 5p;17000.0;2009;198.000 Km;Barueri ; São Paulo;Renault
Peugeot 207 Scapade;18000.0;2012;209.000 Km;São Paulo Zona Leste ; São Paulo;Peugeot
Volkswagen Fox 1.0 Vht Total Flex 3p;21900.0;2009;139.000 Km;São Paulo Zona Sul ; São Paulo;Volkswagen
Renault Logan 1.0 16v Expression Hi-flex 4p;23000.0;2012;198.000 Km;São Bernardo do Campo ; São Paulo;Renault
Jac J2 1.4 16v 5p;22900.0;2013;105.000 Km;Guarulhos ; São Paulo;Jac
Chevrolet Celta 1.0 Spirit Flex Power 3p;22800.0;2011;120.975 Km;São Paulo Zona Leste ; São Paulo;Chevrolet
Peugeot 207 207 Hatch Xr Sport 1.4 8v (flex);23890.0;2009;149.000 Km;São Paulo Zona Leste ; São Paulo;Peugeot
Renault Clio Hatch Authentic;17900.0;2006;192.000 Km;Osasco ; São Paulo;Renault
Chevrolet Agile 1.4 Ltz 5p;23500.0;2011;140.000 Km;Carapicuíba ; São Paulo;Chevrolet
Renault Sandero 1.6 16v Privilège Hi-flex Aut. 5p;25000.0;2012;160.000 Km;São Caetano do Sul ; São Paulo;Renault
Volkswagen Gol 1.0 Plus Total Flex 5p;18900.0;2007;169.000 Km;São Paulo Zona Sul ; São Paulo;Volkswagen
Chevrolet Celta 1.0 3p;11300.0;2002;264.000 Km;São Paulo Zona Norte ; São Paulo;Chevrolet
Chevrolet Corsa 1.4 Maxx Econoflex 5p;24900.0;2009;160.783 Km;São Paulo Zona Norte ; São Paulo;Chevrolet
Ford Ka 1.0 Gl 3p;20900.0;2007;87.000 Km;São Paulo Zona Sul ; São Paulo;Ford
Peugeot 207 1.4 Xr Flex 5p;20900.0;2013;177.156 Km;São Paulo Zona Leste ; São Paulo;Peugeot
Chevrolet Corsa 1.0 Wind 5p;16900.0;1999;266.235 Km;São Paulo Zona Leste ; São Paulo;Chevrolet
Fiat Uno 1.0 Mille 5 Portas;21300.0;2011;201.137 Km;São Paulo Zona Leste ; São Paulo;Fiat
Renault Logan 1.6 Expression Hi-torque 4p;19000.0;2008;287.500 Km;São Paulo Zona Leste ; São Paulo;Renault
Chevrolet Celta 1.0 Mpfi Life 8v Flex 2p Manual;21900.0;2011;102.288 Km;Pirassununga ; São Paulo;Chevrolet
Volkswagen Quantum 2.0 5p;5500.0;1997;111.111 Km;Serrana ; São Paulo;Volkswagen
Chevrolet Celta Celta Spirit 1.4 Mpfi 8v 85cv 3p;17998.0;2005;179.207 Km;Mogi das Cruzes ; São Paulo;Chevrolet
Chevrolet Meriva Meriva 1.8 Cd;22900.0;2004;219.000 Km;São Paulo Zona Leste ; São Paulo;Chevrolet
Volkswagen Gol 1.0 Mi 3p;18990.0;1996;165.000 Km;São Paulo Zona Norte ; São Paulo;Volkswagen
Ford Ka 1.0 Mpi 8v;24900.0;2011;212.339 Km;São Paulo Zona Sul ; São Paulo;Ford
Chevrolet Celta 1.0 5p;12900.0;2003;120.000 Km;São Paulo Zona Norte ; São Paulo;Chevrolet
Volkswagen Gol 1.0 Special 2p Gasolina;9990.0;2003;220.341 Km;São Bernardo do Campo ; São Paulo;Volkswagen
Chevrolet Celta Super 1.0 Mpfi Vhc 8v 2004 1.0 Mpfi Vhc 8v;18900.0;2004;234.000 Km;São Paulo Zona Sul ; São Paulo;Chevrolet
Ford Fiesta 1.0 Mpi Sedan 8v Flex 4p Manual;23990.0;2008;281.000 Km;São Paulo Zona Oeste ; São Paulo;Ford
Fiat Palio 1.0 Fire Celebration Flex 5p;21990.0;2007;167.000 Km;São Bernardo do Campo ; São Paulo;Fiat
Volkswagen Fox 1.6 Plus Total Flex 5p;23000.0;2007;240.000 Km;Embu das Artes ; São Paulo;Volkswagen
Fiat Palio 1.0 Fire Flex 3p;24900.0;2007;144.000 Km;São Paulo Zona Sul ; São Paulo;Fiat
Volkswagen Fox 1.0;24900.0;2008;221.047 Km;Osasco ; São Paulo;Volkswagen
Fiat Palio 1.4 Elx Flex 5p;24900.0;2006;200.000 Km;São Paulo Zona Norte ; São Paulo;Fiat
Renault Sandero 1.0 Authentique 16v Flex 4p Manual;16900.0;2010;165.000 Km;São Paulo Zona Sul ; São Paulo;Renault
Chevrolet Zafira 2.0 Comfort Flex Power 5p;22900.0;2009;450.000 Km;Carapicuíba ; São Paulo;Chevrolet
Chevrolet Meriva 1.8 Flex Power 5p;21790.0;2004;219.000 Km;São Paulo Zona Leste ; São Paulo;Chevrolet
Ford Fiesta 1.0 Flex 5p;22900.0;2008;120.000 Km;São Paulo Zona Sul ; São Paulo;Ford
Fiat Palio 1.0 Mpi Fire 8v Flex 2p Manual;17300.0;2008;192.000 Km;Guarulhos ; São Paulo;Fiat
Chevrolet Corsa 1.0 Joy Flex Power 5p;23000.0;2008;133.000 Km;Bariri ; São Paulo;Chevrolet
Ford Ka 1.0 Flex 3p;17990.0;2013;175.000 Km;Praia Grande ; São Paulo;Ford
Chevrolet Meriva 1.8 Maxx Flex Power 5p;22999.0;2005;182.000 Km;São Paulo Zona Norte ; São Paulo;Chevrolet
Renault Sandero 1.0 16v Authentique Hi-flex 5p;19000.0;2010;153.000 Km;Itaquaquecetuba ; São Paulo;Renault
Chevrolet Meriva 1.8 5p;18990.0;2003;160.000 Km;Diadema ; São Paulo;Chevrolet
Renault Clio 1.0 Authentique 16v;22900.0;2008;144.000 Km;Osasco ; São Paulo;Renault
Volkswagen Gol 1.0 Tec Total Flex 3p;24999.0;2013;111.000 Km;Guarulhos ; São Paulo;Volkswagen
Peugeot 207 Passion 1.4 Xr Flex 4p;24990.0;2012;175.000 Km;Campinas ; São Paulo;Peugeot
Fiat Palio 1.3 Elx Flex 5p;22900.0;2004;236.000 Km;São Paulo Zona Leste ; São Paulo;Fiat
Chevrolet Corsa 1.0 Mpfi Maxx 8v Flex 4p Manual;21900.0;2008;248.000 Km;São Paulo Zona Leste ; São Paulo;Chevrolet
Ford Fiesta Sedan 1.6 Flex 4p;21900.0;2005;187.000 Km;São Paulo Zona Leste ; São Paulo;Ford
Chevrolet Corsa Classic 1.0 Life Flex Power 4p;15900.0;2008;193.000 Km;São Paulo Zona Leste ; São Paulo;Chevrolet
Ford Fiesta 1.0 Flex 5p;22200.0;2011;158.457 Km;São Paulo Zona Norte ; São Paulo;Ford
Peugeot 207 1.4 Xr Flex 5p;16000.0;2011;375.000 Km;Itaquaquecetuba ; São Paulo;Peugeot
Peugeot 206 Sw 206 Sw Moonlight 1.4 (flex);21990.0;2008;105.000 Km;São Paulo Zona Leste ; São Paulo;Peugeot
Peugeot 106 1.0 Soleil 5p;3000.0;1998;167.000 Km;São Paulo Zona Oeste ; São Paulo;Peugeot
Ford Fiesta 1.0 Flex 5p;18900.0;2009;211.344 Km;São Paulo Zona Sul ; São Paulo;Ford
Citroën C3 1.4 8v Exclusive Flex 5p;20000.0;2012;202.000 Km;São Paulo Zona Sul ; São Paulo;Citroën
Fiat Palio 1.0 Ex 3p;12900.0;2002;218.000 Km;São Paulo Zona Leste ; São Paulo;Fiat
Citroën Xsara Picasso 1.6 Glx Flex 5p;21900.0;2008;139.000 Km;São Paulo Zona Sul ; São Paulo;Citroën
Fiat Uno 1.0 Vivace Flex 3p;24900.0;2012;101.035 Km;São Paulo Zona Sul ; São Paulo;Fiat
Chevrolet Vectra 2.2 Gls 4p;25000.0;1999;190.000 Km;Itaquaquecetuba ; São Paulo;Chevrolet
Peugeot 207 207 Hatch Xr S 1.4 8v (flex);22900.0;2009;145.900 Km;São Paulo Zona Norte ; São Paulo;Peugeot
Citroën Xsara Picasso 1.6 I Glx 16v Flex 4p Manual;24700.0;2011;192.371 Km;Osasco ; São Paulo;Citroën
Ford Ka 1.0 Flex 3p;18800.0;2010;53.000 Km;São Paulo Zona Sul ; São Paulo;Ford
Renault Sandero 1.0 16v Expression Hi-flex 5p;24900.0;2010;175.000 Km;São Paulo Zona Leste ; São Paulo;Renault
Volkswagen Fox 1.0 Mi City 8v Flex 4p Manual;21890.0;2007;232.000 Km;São Paulo Zona Leste ; São Paulo;Volkswagen
Ford Ka 1.0 Mpi 8v;19990.0;2010;132.091 Km;Santo André ; São Paulo;Ford
Ford Ka 1.0 Mpi 8v;20990.0;2010;107.054 Km;Santo André ; São Paulo;Ford
Citroën C3 1.4 8v Glx Flex 5p;19900.0;2009;123.000 Km;São Paulo Zona Leste ; São Paulo;Citroën
Fiat Palio 1.0 Ex 5p;16500.0;2000;160.000 Km;São Paulo Zona Sul ; São Paulo;Fiat
Fiat Siena 1.0 Fire Flex 4p;24900.0;2010;148.000 Km;São Paulo Zona Oeste ; São Paulo;Fiat
Chevrolet Corsa 1.4 Gl 3p;16990.0;1996;177.399 Km;São Paulo Zona Leste ; São Paulo;Chevrolet
Fiat Palio 1.0 Fire Economy Flex 3p;22000.0;2010;209.000 Km;São Paulo Zona Leste ; São Paulo;Fiat
Chevrolet Classic 1.0 Ls Flex Power 4p;24500.0;2012;157.000 Km;Rio Grande da Serra ; São Paulo;Chevrolet
Toyota Corolla 1.8 16v Xei 4p;22900.0;2001;390.000 Km;São Paulo Zona Leste ; São Paulo;Toyota
Chevrolet Celta 1.0 Lt Flex Power 5p;23000.0;2012;140.000 Km;São Paulo Zona Norte ; São Paulo;Chevrolet
Fiat Uno Mille Economy;23000.0;2010;163.000 Km;Paulínia ; São Paulo;Fiat
Peugeot 207 1.4 Xr Flex 5p;22000.0;2012;140.000 Km;Osasco ; São Paulo;Peugeot
Volkswagen Fox 1.0 Mi 8v Flex 2p Manual;18990.0;2008;205.086 Km;Itaquaquecetuba ; São Paulo;Volkswagen
Volkswagen Fox 1.0 Vht Trend Total Flex 5p;24500.0;2010;193.000 Km;São Paulo Zona Leste ; São Paulo;Volkswagen
Citroën C3 1.4 8v Exclusive Flex 5p;22000.0;2010;132.200 Km;Embu das Artes ; São Paulo;Citroën
Fiat Uno 1.0 Vivace Flex 3p;22000.0;2012;85.782 Km;Guarulhos ; São Paulo;Fiat
Ford Ka 1.0 Flex 3p;21900.0;2011;149.000 Km;São Paulo Zona Leste ; São Paulo;Ford
Chevrolet Corsa 1.0 Wind 5p;16990.0;1999;248.300 Km;São Bernardo do Campo ; São Paulo;Chevrolet
Chevrolet Celta 1.0 Super 3p;15890.0;2004;248.899 Km;São Paulo Zona Norte ; São Paulo;Chevrolet
Volkswagen Passat Variant 1.8 5p;22900.0;1999;123.456 Km;São Paulo Zona Norte ; São Paulo;Volkswagen
Volkswagen Fox 1.0 Plus Total Flex 3p;16900.0;2004;159.000 Km;São Paulo Zona Sul ; São Paulo;Volkswagen
Fiat Palio Palio Fire 1.0 8v (flex) 2p;23900.0;2007;128.454 Km;São Paulo Zona Norte ; São Paulo;Fiat
Fiat Siena 1.0 Fire Flex 4p;22900.0;2009;207.743 Km;Guarulhos ; São Paulo;Fiat
Ford Ecosport 1.6 Xl 5p;24900.0;2004;155.000 Km;Carapicuíba ; São Paulo;Ford
Chevrolet Meriva 1.8 Premium Flex Power 5p;22000.0;2008;227.271 Km;São Paulo Zona Oeste ; São Paulo;Chevrolet
Fiat Palio Weekend 1.6 Elx 5p;15000.0;1998;240.000 Km;São Paulo Zona Sul ; São Paulo;Fiat
Peugeot 206 1.4 Presence Flex 5p;14000.0;2007;180.000 Km;Guarulhos ; São Paulo;Peugeot
Peugeot 207 Hb Xr;23900.0;2011;111.205 Km;Santos ; São Paulo;Peugeot
Ford Fiesta 1.0 Mpi Personnalité 8v Gasolina 4p Manual;19800.0;2003;170.000 Km;Guarulhos ; São Paulo;Ford
Ford Ka 1.0 Flex 3p;21500.0;2012;112.000 Km;São Paulo Zona Leste ; São Paulo;Ford
Ford Ka 1.0 Tecno Flex 3p;19000.0;2009;74.000 Km;São Paulo Zona Leste ; São Paulo;Ford
Citroën C3 1.6 16v Glx Flex 5p;21000.0;2008;99.000 Km;São Paulo Zona Oeste ; São Paulo;Citroën
Honda Civic 1.7 Lx Aut. 4p;22900.0;2002;167.000 Km;Guarulhos ; São Paulo;Honda
Renault Sandero 1.0 16v Expression Hi-flex 5p;23990.0;2009;197.347 Km;Guarulhos ; São Paulo;Renault
Volkswagen Fox Fox Plus 1.0 8v (flex);20900.0;2006;164.500 Km;Osasco ; São Paulo;Volkswagen
Peugeot 206 1.4 Presence Flex 5p;12300.0;2008;71.950 Km;São Paulo Zona Sul ; São Paulo;Peugeot
Chevrolet Corsa Classic 1.0 Life Flex Power 4p 70 Hp;19500.0;2009;127.000 Km;São Paulo Zona Norte ; São Paulo;Chevrolet
Ford Ka 1.0 Flex 3p;21790.0;2009;120.000 Km;São Paulo Zona Norte ; São Paulo;Ford
Ford Focus 1.6 Gl Flex 5p;21900.0;2008;155.000 Km;São Paulo Zona Sul ; São Paulo;Ford
Fiat Palio Weekend Adventure;23900.0;2005;190.128 Km;São Paulo Zona Sul ; São Paulo;Fiat
Chevrolet Celta 1.0 Life Flex Power 3p;20000.0;2010;220.000 Km;São Paulo Zona Leste ; São Paulo;Chevrolet
Chevrolet Celta 1.0 Spirit Flex Power 3p;19500.0;2010;204.000 Km;São Paulo Zona Leste ; São Paulo;Chevrolet
Peugeot 206 Sw 1.6 16v Escapade Flex 5p;20500.0;2008;140.000 Km;São Paulo Centro ; São Paulo;Peugeot
Chevrolet Meriva 1.8 Joy Flex Power 5p;24900.0;2008;159.000 Km;São Paulo Zona Sul ; São Paulo;Chevrolet
Chevrolet Corsa 1.4 Maxx Econoflex 5p;25000.0;2011;230.000 Km;São Paulo Zona Leste ; São Paulo;Chevrolet
Fiat Palio 1.4 Elx Flex 5p;24900.0;2007;233.935 Km;São Paulo Zona Leste ; São Paulo;Fiat
Ford Fiesta Fiesta Street 1.0 8v 3p;15990.0;2003;143.000 Km;São Bernardo do Campo ; São Paulo;Ford
Volkswagen Fox 1.0 Vht Total Flex 3p;24900.0;2009;103.328 Km;São Paulo Zona Norte ; São Paulo;Volkswagen
Fiat Mille 1.0 Fire Economy Flex 5p;14990.0;2008;169.000 Km;São Paulo Zona Leste ; São Paulo;Fiat
Ford Fiesta 1.0 Flex 5p;19500.0;2010;118.000 Km;Mauá ; São Paulo;Ford
Renault Sandero 1.0 Expression 16v Flex 4p Manual;24900.0;2009;195.000 Km;Osasco ; São Paulo;Renault
Chevrolet Kadett Sl 1.8;15990.0;1991;80.000 Km;São Paulo Zona Leste ; São Paulo;Chevrolet
Fiat Stilo 1.8 8v Flex 5p;23500.0;2007;195.000 Km;São Paulo Zona Leste ; São Paulo;Fiat
Fiat Idea 1.4 Elx Flex 5p;19900.0;2006;180.000 Km;São Paulo Zona Sul ; São Paulo;Fiat
Chevrolet Celta 1.0 Mpfi Vhc Life 8v;22900.0;2006;174.247 Km;São Paulo Zona Leste ; São Paulo;Chevrolet
Volkswagen Fusca Fusca 1500;14890.0;1975;66.520 Km;São Paulo Zona Norte ; São Paulo;Volkswagen
Renault Scenic 1.6 16v Authentique Hi-flex 5p;24800.0;2009;113.000 Km;Barueri ; São Paulo;Renault
Ford Ka 1.0 Mpi Gl 8v Gasolina 2p Manual;14999.0;2006;191.540 Km;São Paulo Zona Oeste ; São Paulo;Ford
Ford Escort Xls;23900.0;2004;197.343 Km;São Paulo Zona Leste ; São Paulo;Ford
Volkswagen Fox 1.0 City Total Flex 5p;22900.0;2008;146.478 Km;São Paulo Zona Leste ; São Paulo;Volkswagen
Volkswagen Fox 1.6 Mi Plus 8v;24990.0;2004;184.000 Km;Santo André ; São Paulo;Volkswagen
Peugeot 207 1.6 16v Quiksilver Flex 5p;18900.0;2012;95.000 Km;Ferraz de Vasconcelos ; São Paulo;Peugeot
Peugeot 207 Sw Peugeot 207 Sw Xr 1.4 8v (flex);20900.0;2009;199.000 Km;São Paulo Centro ; São Paulo;Peugeot
Ford Ka 1.0 Tecno Flex 3p;22000.0;2011;102.390 Km;Embu das Artes ; São Paulo;Ford
Chevrolet Vectra Vectra Gls/expres.2.2/ 2.0 E 2.0 Cd 8v;12900.0;1998;294.686 Km;Santo André ; São Paulo;Chevrolet
Chevrolet Prisma 1.4 Joy Econoflex 4p;19900.0;2007;130.000 Km;São Paulo Zona Sul ; São Paulo;Chevrolet
Fiat Idea 1.4 Elx Flex 5p;24990.0;2010;138.000 Km;Diadema ; São Paulo;Fiat
Chevrolet Prisma 1.4 Joy Econoflex 4p 95 Hp;23900.0;2009;190.861 Km;São Paulo Zona Sul ; São Paulo;Chevrolet
Renault Logan 1.0 Expression 16v Flex 4p Manual;24990.0;2009;178.247 Km;Campinas ; São Paulo;Renault
Citroën C3 1.4 8v Glx Flex 5p;20200.0;2010;142.122 Km;Guarulhos ; São Paulo;Citroën
Peugeot 206 Sw 1.6 16v Escapade Flex 5p;23900.0;2008;35.000 Km;São Paulo Zona Oeste ; São Paulo;Peugeot
Volkswagen Fox 1.0 City Total Flex 3p;22900.0;2008;150.553 Km;Osasco ; São Paulo;Volkswagen
Chevrolet Corsa Sedan 1.0 Super 4p;13500.0;2000;77.000 Km;São Paulo Zona Leste ; São Paulo;Chevrolet
Chevrolet Celta 1.0 Spirit Flex Power 5p;23000.0;2009;210.000 Km;São Paulo Zona Norte ; São Paulo;Chevrolet
Ford Ka 1.0 Flex 3p;22900.0;2010;206.000 Km;Santo André ; São Paulo;Ford
Peugeot 207 1.4 Xr Flex 5p;21900.0;2011;130.000 Km;São Paulo Zona Leste ; São Paulo;Peugeot
Volkswagen Fox 1.6;17900.0;2004;168.000 Km;Osasco ; São Paulo;Volkswagen
Peugeot 207 1.4 Xr Flex 5p;17300.0;2013;157.000 Km;Osasco ; São Paulo;Peugeot
Peugeot 207 1.6 16v Xs Flex Aut. 5p;21900.0;2010;117.600 Km;Diadema ; São Paulo;Peugeot
Volkswagen Kombi 1.6 3p Gasolina;21000.0;2005;161.159 Km;São Paulo Zona Leste ; São Paulo;Volkswagen
Fiat Palio 1.0 Fire Economy Flex 5p;21500.0;2011;143.000 Km;Rio Grande da Serra ; São Paulo;Fiat
Chevrolet Corsa 1.0 Wind 5p;12900.0;1997;159.902 Km;São Paulo Zona Leste ; São Paulo;Chevrolet
Chevrolet Celta 1.0 Life Flex Power 3p;18200.0;2009;102.000 Km;São Paulo Zona Leste ; São Paulo;Chevrolet
Peugeot 207 1.4 Xr 8v Flex 2p Manual;19990.0;2009;166.000 Km;São Bernardo do Campo ; São Paulo;Peugeot
Volkswagen Fox 1.0 City Total Flex 5p;21000.0;2008;170.000 Km;São Paulo Zona Sul ; São Paulo;Volkswagen
Volkswagen Gol Volkswagen Gol 1000i Plus;14900.0;1996;71.000 Km;São Bernardo do Campo ; São Paulo;Volkswagen
Renault Clio 1.0 16v Campus Hi-flex 3p;18900.0;2009;180.000 Km;São Paulo Zona Norte ; São Paulo;Renault
Chevrolet Celta 1.0 Spirit Flex Power 5p;19900.0;2007;133.000 Km;São Paulo Zona Oeste ; São Paulo;Chevrolet
Fiat Uno 1.0 Ie Mille Sx 8v Gasolina 4p Manual;24890.0;1998;30.955 Km;Santo André ; São Paulo;Fiat
Renault Clio 1.0 16v Campus Hi-flex 5p;19900.0;2011;176.000 Km;São Paulo Zona Oeste ; São Paulo;Renault
Fiat Palio 1.0 Fire Economy Flex 5p;21000.0;2013;324.137 Km;São Paulo Zona Leste ; São Paulo;Fiat
Chevrolet Corsa Wagon 1.6 16v Gls 5p;13900.0;1999;251.000 Km;São Paulo Zona Norte ; São Paulo;Chevrolet
Renault Fluence 2.0 Dynamique Hi-flex 4p;25000.0;2012;180.000 Km;São Paulo Zona Leste ; São Paulo;Renault
Peugeot 207 1.4 Xr 8v Flex 2p Manual;18900.0;2011;144.000 Km;São Paulo Zona Norte ; São Paulo;Peugeot
Fiat Idea 1.4 Elx Flex 5p;24990.0;2008;190.000 Km;São Paulo Zona Leste ; São Paulo;Fiat
Volkswagen Gol 1.0 Mi Special 8v;15900.0;2001;154.000 Km;Osasco ; São Paulo;Volkswagen
Volkswagen Gol 1.0 16v Power 5p;15990.0;2002;178.000 Km;São Paulo Zona Norte ; São Paulo;Volkswagen
Ford Fiesta Street 1.0 8v;18900.0;2007;180.000 Km;Mauá ; São Paulo;Ford
Renault Clio Sedan 1.0 16v Authentique Hi-flex 4p;21900.0;2007;288.000 Km;São Bernardo do Campo ; São Paulo;Renault
Peugeot 207 1.4 Xr Flex 5p;22600.0;2012;55.500 Km;Embu das Artes ; São Paulo;Peugeot
Ford Ford Escort Gl 1.8 I. Único Dono;18900.0;1996;60.900 Km;São Bernardo do Campo ; São Paulo;Ford
Ford Ka 1.0 Flex 3p;18900.0;2011;80.500 Km;São Paulo Zona Sul ; São Paulo;Ford
Fiat Palio 1.0 Ex 3p;11900.0;2001;220.000 Km;São Paulo Zona Leste ; São Paulo;Fiat
Volkswagen Gol Gol 2.0 2p;15900.0;2005;274.196 Km;Osasco ; São Paulo;Volkswagen
Volkswagen Gol 1.0 5p Álcool;8900.0;1998;200.000 Km;São Paulo Zona Leste ; São Paulo;Volkswagen
Ford Ka 1.0 Gl Image 3p;16800.0;2001;167.500 Km;Diadema ; São Paulo;Ford
Peugeot 207 1.4 Xr Sport Flex 5p;22700.0;2010;118.000 Km;São Paulo Zona Sul ; São Paulo;Peugeot
Chevrolet Kadett 1.8 Gl 3p;11000.0;1995;891.965 Km;Suzano ; São Paulo;Chevrolet
Renault Logan 1.6 Expression Hi-torque 4p;16990.0;2009;330.000 Km;São Paulo Zona Norte ; São Paulo;Renault
Volkswagen Gol 1.6 Power Total Flex 5p;23900.0;2005;114.000 Km;Suzano ; São Paulo;Volkswagen
Ford Fiesta 1.0 Flex 5p;24990.0;2007;124.000 Km;São Paulo Zona Leste ; São Paulo;Ford
Volkswagen Fox 1.0 Vht Trend Total Flex 3p;14500.0;2009;2.000 Km;São Paulo Zona Leste ; São Paulo;Volkswagen
Volkswagen Gol 1.0 Trend Total Flex 5p;23000.0;2010;216.422 Km;São Paulo Zona Oeste ; São Paulo;Volkswagen
Peugeot 207 1.4 Xr Flex 5p;18500.0;2013;174.500 Km;São Paulo Zona Leste ; São Paulo;Peugeot
Chevrolet Corsa 1.0 Super 5p;16500.0;2000;180.000 Km;São Paulo Zona Sul ; São Paulo;Chevrolet
Peugeot 207 Passion 1.4 Xr Flex 4p;21990.0;2010;100.000 Km;São Paulo Zona Leste ; São Paulo;Peugeot
Citroën C3 1.4 8v Glx Flex 5p;21999.0;2006;189.000 Km;São Paulo Zona Leste ; São Paulo;Citroën
Chevrolet Prisma Joy 1.0 (flex);23900.0;2011;190.000 Km;São Paulo Centro ; São Paulo;Chevrolet
Volkswagen Fox 1.0 Vht City Total Flex 5p;24990.0;2009;219.008 Km;São Paulo Zona Leste ; São Paulo;Volkswagen
Chevrolet Celta 1.0 Spirit Flex Power 3p 70 Hp;17000.0;2009;154.772 Km;Barueri ; São Paulo;Chevrolet
Mercedes-benz A 160 Classe A 160 Elegance Semi-aut.;19990.0;2000;99.000 Km;São Paulo Zona Sul ; São Paulo;Mercedes-benz
Volkswagen Fox City;19863.0;2009;160.000 Km;Praia Grande ; São Paulo;Volkswagen
Volkswagen Gol 1.0 Mi 3p;16000.0;1996;147.000 Km;São Bernardo do Campo ; São Paulo;Volkswagen
Renault Clio 1.0 16v Campus Hi-flex 5p;22900.0;2009;142.000 Km;São Bernardo do Campo ; São Paulo;Renault
Fiat Stilo 1.8 8v Attractive Flex 5p;22000.0;2010;140.000 Km;São Paulo Zona Leste ; São Paulo;Fiat
Fiat Palio Adventure 1.6 16v 5p;15500.0;2002;245.414 Km;São Paulo Zona Oeste ; São Paulo;Fiat
Renault Clio Clio Hatch. Authentique 1.0 8v 4p;23900.0;2008;147.327 Km;São Paulo Zona Norte ; São Paulo;Renault
Volkswagen Fox 1.0 Mi 8v Flex 2p-ar Condicionado;22899.0;2007;124.000 Km;São Paulo Zona Oeste ; São Paulo;Volkswagen
Fiat Siena 1.0 Fire 4p;15900.0;2005;162.000 Km;Praia Grande ; São Paulo;Fiat
Peugeot 206 206 Hatch. Feline Automatic 1.6 16v (flex);24900.0;2008;131.396 Km;Osasco ; São Paulo;Peugeot
Chevrolet Celta 1.0 Mpfi Life 8v;20900.0;2007;166.135 Km;Carapicuíba ; São Paulo;Chevrolet
Fiat Palio 1.3 Elx Flex 5p;19900.0;2005;173.000 Km;São Paulo Zona Norte ; São Paulo;Fiat
Chevrolet Celta 1.0 Lt Flex Power 5p;25000.0;2012;113.000 Km;São Paulo Zona Norte ; São Paulo;Chevrolet
Chevrolet Corsa Pick-up 1.6 Gl 2p;21000.0;1998;380.000 Km;São Bernardo do Campo ; São Paulo;Chevrolet
Chevrolet Celta Celta Life 1.0 Vhce (flex) 2p;19500.0;2008;208.662 Km;Suzano ; São Paulo;Chevrolet
Citroën C3 1.4 8v Glx Flex 5p;21790.0;2008;142.600 Km;São Paulo Zona Norte ; São Paulo;Citroën
Chevrolet Meriva 1.8 Mpfi Premium 8v Flex 4p Automatizado;22990.0;2008;247.547 Km;São Paulo ; São Paulo;Chevrolet
Chevrolet Prisma 1.4 Maxx Econoflex 4p;22800.0;2008;151.800 Km;São Paulo Zona Oeste ; São Paulo;Chevrolet
Citroën C3 1.6 16v X-tr Flex 5p;24890.0;2008;108.061 Km;São Paulo Zona Norte ; São Paulo;Citroën
Ford Fiesta 1.6 8v Flex/class 1.6 8v Flex 5p;21855.0;2009;174.254 Km;São Paulo Zona Leste ; São Paulo;Ford
Volkswagen Gol 1.0 Vht Total Flex 5p;22900.0;2011;170.000 Km;São Paulo Zona Sul ; São Paulo;Volkswagen
Chery Chery Qq 1.1 16v 5p;18900.0;2012;262.270 Km;São Paulo Zona Leste ; São Paulo;Chery
Chevrolet Corsa Sedan Corsa Sedan Ls Vhc E;24990.0;2012;200.000 Km;São Paulo Zona Leste ; São Paulo;Chevrolet
Fiat Siena 1.0 Fire Flex 4p;21900.0;2007;128.000 Km;São Paulo Zona Norte ; São Paulo;Fiat
Chevrolet Zafira 2.0 8v 5p;12000.0;2004;230.000 Km;São Paulo Zona Oeste ; São Paulo;Chevrolet
Fiat Siena 1.0 Mpi Fire 8v Flex 4p Manual;24990.0;2011;116.581 Km;São Paulo Zona Norte ; São Paulo;Fiat
Kia Shuma 1.5 4p;12000.0;1999;51.000 Km;Guarulhos ; São Paulo;Kia
Fiat Palio 1.0 Fire Flex 5p;14499.0;2007;177.189 Km;Itaquaquecetuba ; São Paulo;Fiat
Chevrolet Vectra 2.2 Gls 4p;13900.0;1999;198.000 Km;São Paulo Zona Norte ; São Paulo;Chevrolet
Fiat Idea 1.4 Elx Flex 5p;24900.0;2007;185.000 Km;São Paulo Zona Oeste ; São Paulo;Fiat
Volkswagen Gol 1.6 Cl;16000.0;1991;200.000 Km;São Paulo Zona Leste ; São Paulo;Volkswagen
Chevrolet Vectra 2.0 Plus 4p;18000.0;2003;160.000 Km;São Paulo Zona Norte ; São Paulo;Chevrolet
Fiat Palio Weekend 1.8 Hlx Flex 5p;14600.0;2007;256.405 Km;São Paulo Zona Norte ; São Paulo;Fiat
Fiat Palio 1.0 Mpi Elx;19900.0;2005;214.600 Km;Carapicuíba ; São Paulo;Fiat
Ford Ka 1.0 Gl 3p;11800.0;2000;170.000 Km;São Paulo Zona Oeste ; São Paulo;Ford
Fiat Doblo 1.3 16v Ex Fire 5p;17000.0;2003;207.000 Km;São Paulo Zona Norte ; São Paulo;Fiat
Chevrolet Vectra 2.0 Mpfi Gl 8v;21400.0;1998;129.000 Km;São Paulo Zona Sul ; São Paulo;Chevrolet
Chevrolet Corsa Sedan Max;20500.0;2008;168.654 Km;São Caetano do Sul ; São Paulo;Chevrolet
Chevrolet Meriva 1.8 Maxx Flex Power 5p;24997.0;2007;176.606 Km;São Paulo Zona Leste ; São Paulo;Chevrolet
Renault Scenic 1.6 16v Authentique Hi-flex 5p;22300.0;2011;146.000 Km;Praia Grande ; São Paulo;Renault
Honda Civic 1.6 Lx 4p;14500.0;2000;171.882 Km;São Paulo Zona Leste ; São Paulo;Honda
Ford Focus Sedan 1.6 Glx 4p;23990.0;2007;188.000 Km;São Paulo Zona Leste ; São Paulo;Ford
Citroën C3 1.4 I Glx 8v Flex 4p Manual;19500.0;2010;138.000 Km;Praia Grande ; São Paulo;Citroën
Fiat Palio 1.3 Elx Flex 5p;23893.0;2005;117.000 Km;São Bernardo do Campo ; São Paulo;Fiat
Peugeot 307 1.6 Presence Pack Flex 5p;21900.0;2009;170.000 Km;São Paulo Zona Sul ; São Paulo;Peugeot
Chevrolet Corsa Sedan 1.0 Mpfi Sedan 8v;18900.0;2003;183.247 Km;São Paulo Zona Leste ; São Paulo;Chevrolet
Peugeot 207 1.4 Xr Sport Flex 5p;18900.0;2011;143.693 Km;Diadema ; São Paulo;Peugeot
Chevrolet Prisma 1.0 Joy Flexpower 4p;23990.0;2010;75.691 Km;São Paulo Zona Leste ; São Paulo;Chevrolet
Ford Fiesta 1.0 Flex First 5p;18800.0;2008;250.000 Km;Osasco ; São Paulo;Ford
Fiat Uno Mille 1.0 Fire/ F.flex/ Economy 4p;20990.0;2008;326.405 Km;Taubaté ; São Paulo;Fiat
Volkswagen Kombi 1.4 Standard Total Flex 3p;25000.0;2006;230.000 Km;Ribeirão Pires ; São Paulo;Volkswagen
Fiat Idea 1.4 Elx Flex 5p;24000.0;2009;143.000 Km;São Paulo Zona Sul ; São Paulo;Fiat
Chevrolet Celta 1.0 Life Flex Power 3p;18890.0;2007;220.000 Km;São Paulo Zona Sul ; São Paulo;Chevrolet
Volkswagen Gol 1.0 Trend Total Flex 5p;24000.0;2010;114.000 Km;Santo André ; São Paulo;Volkswagen
Volkswagen Golf 2.0 5p;25000.0;2000;185.000 Km;Itu ; São Paulo;Volkswagen
Chevrolet Vectra 2.2 16v Cd 4p;19900.0;2001;240.000 Km;Guarulhos ; São Paulo;Chevrolet
Honda Civic 1.7 Lx Aut. 4p;14500.0;2001;186.000 Km;São Bernardo do Campo ; São Paulo;Honda
Renault Clio 1.6 16v Rn 5p;12900.0;2001;155.000 Km;São Paulo Zona Norte ; São Paulo;Renault
Peugeot Partner Furgão 1.6 4p;15000.0;2006;999.999 Km;Santo André ; São Paulo;Peugeot
Ford Ka 1.0 Mpi 8v Flex 2p Manual;23790.0;2009;158.226 Km;Santo André ; São Paulo;Ford
Peugeot 207 1.4 Xr Passion 8v Flex 4p Manual;17990.0;2011;242.843 Km;São Paulo ; São Paulo;Peugeot
Ford Fiesta 1.0 Fly Flex 5p;22900.0;2012;100.000 Km;São Paulo Zona Leste ; São Paulo;Ford
Citroën C3 1.4 I Glx 8v Flex 4p Manual;16900.0;2011;140.000 Km;São Paulo Zona Sul ; São Paulo;Citroën
Fiat Uno Mille Mille Ex 1.0;14900.0;2000;226.259 Km;São Paulo Zona Leste ; São Paulo;Fiat
Renault Sandero 1.6 Expression Hi-power 5p;24500.0;2013;228.000 Km;São Paulo Zona Norte ; São Paulo;Renault
Fiat Siena 1.0 16v Elx 4p;19990.0;2002;290.000 Km;São Paulo Zona Leste ; São Paulo;Fiat
Ford Escort Hobby 1.0 Gasolina;25000.0;1995;35.000 Km;São Paulo Zona Norte ; São Paulo;Ford
Chevrolet Kadett 1.8 Gl 3p;8500.0;1993;250.000 Km;São Bernardo do Campo ; São Paulo;Chevrolet
Citroën Xsara Picasso 1.6 Glx Flex 5p;16300.0;2008;185.700 Km;São Paulo Zona Leste ; São Paulo;Citroën
Chevrolet Meriva 1.8 Mpfi Premium 8v Flex 4p Automatizado;22000.0;2008;145.231 Km;Santos ; São Paulo;Chevrolet
Ford Fiesta 1.0 Street 5p;18900.0;2003;138.000 Km;São Bernardo do Campo ; São Paulo;Ford
Fiat Grasiena 1.4 Tetrafuel 4p Tetra-combustible;25000.0;2014;250.000 Km;São Paulo Zona Leste ; São Paulo;Fiat
Chevrolet Celta 1.0 Life Flex Power 3p 77 Hp;20000.0;2009;130.000 Km;São Caetano do Sul ; São Paulo;Chevrolet
Peugeot 207 1.4 Xr Flex 5p;22900.0;2011;130.000 Km;Carapicuíba ; São Paulo;Peugeot
Citroën C3 1.4 8v Glx Flex 5p;23990.0;2010;120.000 Km;Guarulhos ; São Paulo;Citroën
Hyundai Tucson 2.0 Mpfi Gl 16v 142cv 2wd Gasolina 4p Manual;20660.0;2006;167.033 Km;Barueri ; São Paulo;Hyundai
Fiat Uno Uno Mille;22900.0;2008;143.000 Km;São Paulo Zona Sul ; São Paulo;Fiat
Hyundai Tucson 2.0 Gls 4x2 Aut. 5p;25000.0;2009;190.000 Km;São Paulo Zona Sul ; São Paulo;Hyundai
Volkswagen Voyage 1.8 Ap 4 Portas;18000.0;1992;160.000 Km;São Paulo Zona Leste ; São Paulo;Volkswagen
Renault Clio Renault Clio Hatch. Rn 1.0 16v;24900.0;2014;128.000 Km;São Paulo Centro ; São Paulo;Renault
Renault Clio 1.0 16v Campus Hi-flex 5p;16500.0;2011;236.000 Km;São Paulo Centro ; São Paulo;Renault
Volkswagen Fusca 1.3 8v Gasolina 2p Manual;19990.0;1975;28.478 Km;São Paulo Zona Sul ; São Paulo;Volkswagen
Peugeot 207 1.4 Xr Flex 5p;19900.0;2010;194.600 Km;São Paulo Zona Sul ; São Paulo;Peugeot
Fiat Marea 1.6 Sx 4p;20900.0;2006;140.000 Km;São Paulo Zona Sul ; São Paulo;Fiat
Citroën C3 1.4 8v Glx Flex 5p;24200.0;2011;86.000 Km;São Paulo Zona Leste ; São Paulo;Citroën
Fiat Uno 1.0 Vivace Flex 3p;25000.0;2014;127.513 Km;São Paulo Zona Sul ; São Paulo;Fiat
Peugeot 207 Passion 1.6 16v Xs Flex Aut. 4p;25000.0;2013;150.000 Km;Franco da Rocha ; São Paulo;Peugeot
Ford Ka 1.0 Flex 3p;17000.0;2010;9.800 Km;Guarujá ; São Paulo;Ford
Citroën C3 C3 Glx 1.4/ Glx Sonora 1.4 Flex 8v 5p;19900.0;2010;168.000 Km;São Paulo ; São Paulo;Citroën
Toyota Corolla 1.8 16v Xei 4p;22900.0;1999;140.000 Km;Embu das Artes ; São Paulo;Toyota
Volkswagen Gol 1.0 8v - Aceito Troca;19900.0;2008;210.000 Km;São Paulo Zona Leste ; São Paulo;Volkswagen
Renault Logan Expression 1.0 Flex 2008 Completo;21990.0;2008;190.000 Km;Paulínia ; São Paulo;Renault
Peugeot 207 1.4 Xr Sport Flex 5p;22999.0;2012;78.000 Km;São Paulo Zona Leste ; São Paulo;Peugeot
Renault Clio 1.0 16v Campus Hi-flex 5p;15900.0;2011;160.240 Km;São Paulo Zona Norte ; São Paulo;Renault
Fiat Idea 1.4 Elx Flex 5p;24900.0;2008;171.000 Km;São Paulo Zona Leste ; São Paulo;Fiat
Volkswagen Fox 1.0 Mi 8v Flex 4p Manual;24999.0;2009;140.000 Km;São Paulo Zona Oeste ; São Paulo;Volkswagen
Fiat Stilo 1.8 8v Flex 5p;23500.0;2010;163.000 Km;Santos ; São Paulo;Fiat
Renault Sandero 1.0 16v Expression Hi-flex 5p;20000.0;2012;100.000 Km;Suzano ; São Paulo;Renault
Chevrolet Celta 1.0 Spirit Flex Power 5p;20000.0;2008;164.500 Km;São Bernardo do Campo ; São Paulo;Chevrolet
Renault Scenic Scénic Privilége 1.6 16v (flex);24900.0;2010;158.000 Km;São Bernardo do Campo ; São Paulo;Renault
Ford Ka 1.0 Gl 3p;16900.0;2007;203.000 Km;Guarulhos ; São Paulo;Ford
Fiat Idea 1.6 16v Essence Flex 5p;24500.0;2011;175.000 Km;Guarulhos ; São Paulo;Fiat
Renault Clio Sedan 1.6 16v Egeus Hi-flex 4p;16500.0;2007;183.000 Km;Praia Grande ; São Paulo;Renault
Kia Picanto Picanto Ex 1.0;22990.0;2009;163.376 Km;São Bernardo do Campo ; São Paulo;Kia
Chevrolet Celta 1.0 Spirit Flex Power 5p 70 Hp;22500.0;2009;137.000 Km;Santo André ; São Paulo;Chevrolet
Peugeot 207 1.6 16v Xs Flex 5p;19950.0;2011;99.800 Km;São Paulo Zona Oeste ; São Paulo;Peugeot
Volkswagen Gol 1.0 Se 2p;6600.0;1996;218.000 Km;Guarulhos ; São Paulo;Volkswagen
Citroën C3 1.4 8v Glx Flex 5p;22000.0;2011;148.000 Km;São Paulo Zona Leste ; São Paulo;Citroën
Ford Fiesta 1.0 Rocam S Flex 5p;22000.0;2014;116.000 Km;Praia Grande ; São Paulo;Ford
Fiat Palio 1.0 Fire Flex 5p;23900.0;2008;259.000 Km;Suzano ; São Paulo;Fiat
Ford Fiesta 1.6 Fly Flex 5p;24990.0;2010;198.000 Km;São Paulo Zona Leste ; São Paulo;Ford
Chevrolet Corsa Corsa Hatch Maxx 1.0 (flex);24900.0;2008;224.000 Km;São Paulo Zona Leste ; São Paulo;Chevrolet
Fiat Siena 1.0 Fire Celebration Flex 4p;23900.0;2007;119.000 Km;São Paulo Zona Sul ; São Paulo;Fiat
Volkswagen Voyage 1.6 Msi Comfortline Total Flex 4p;23500.0;2015;192.000 Km;Guarulhos ; São Paulo;Volkswagen
Chevrolet Zafira 2.0 Expression Flex Power Aut. 5p;22800.0;2007;180.000 Km;São Paulo Centro ; São Paulo;Chevrolet
Fiat Uno Mille 1.0 Ex 3p;19799.0;1999;57.919 Km;São Paulo Zona Sul ; São Paulo;Fiat
Fiat Palio 1.0 Fire Flex 5p;17900.0;2008;143.016 Km;São Paulo Zona Sul ; São Paulo;Fiat
Renault Clio 1.0 16v Campus Get-up Hi-flex 5p;23300.0;2009;150.000 Km;São Paulo Zona Sul ; São Paulo;Renault
Volkswagen Gol 1.6 Se 5p Gasolina;12500.0;2003;89.550 Km;São Paulo Zona Sul ; São Paulo;Volkswagen
Volkswagen Gol 1.0 Total Flex 5p;25000.0;2013;85.000 Km;São Paulo Zona Sul ; São Paulo;Volkswagen
Ford Fiesta 1.0 Flex 5p;24900.0;2011;168.000 Km;São Paulo Zona Sul ; São Paulo;Ford
Chevrolet Celta 1.0 Mpfi Vhc Super 8v Gasolina 2p Manual;16990.0;2002;58.000 Km;São Paulo Zona Sul ; São Paulo;Chevrolet
Peugeot 405 2.0 Sri 4p;8500.0;1995;130.000 Km;São Paulo Zona Leste ; São Paulo;Peugeot
Fiat Idea 1.4 Elx Flex 5p;19000.0;2006;200.000 Km;Barueri ; São Paulo;Fiat
Volkswagen Gol 1.0 City Total Flex 5p;14500.0;2007;150.000 Km;São Paulo Zona Oeste ; São Paulo;Volkswagen
Chevrolet Celta 1.0 Spirit Flex Power 5p;20000.0;2009;99.580 Km;São Paulo Zona Sul ; São Paulo;Chevrolet
Renault Clio 1.0 16v Authentique Hi-flex 5p;18500.0;2008;147.000 Km;São Paulo Zona Sul ; São Paulo;Renault
Fiat Palio Weekend 1.8 Hlx Flex 5p;22900.0;2007;125.000 Km;São Paulo Zona Leste ; São Paulo;Fiat
Renault Sandero 1.0 16v Expression Hi-flex 5p;21500.0;2011;174.000 Km;São Paulo Zona Sul ; São Paulo;Renault
Chevrolet Classic 1.0 Spirit Completo;19999.0;2007;152.000 Km;Santo André ; São Paulo;Chevrolet
Chevrolet Celta 1.0 Ls Flex Power 3p;24500.0;2013;102.600 Km;Mairiporã ; São Paulo;Chevrolet
Volkswagen Gol 1.0 City Total Flex 5p;22990.0;2007;209.000 Km;Franco da Rocha ; São Paulo;Volkswagen
Chevrolet Classic 1.0 Mpfi Ls 8v Flex 4p Manual;24500.0;2013;138.000 Km;Guarulhos ; São Paulo;Chevrolet
Ford Fiesta 1.0 Flex 5p;19900.0;2009;107.400 Km;São Paulo Zona Leste ; São Paulo;Ford
Fiat Fiorino Furgão 1.3 Fire 4p;24900.0;2003;220.000 Km;Taboão da Serra ; São Paulo;Fiat
Renault Scenic 1.6 16v Expression Hi-flex 5p;16400.0;2006;196.573 Km;São Paulo Zona Leste ; São Paulo;Renault
Chevrolet Celta 2p Life;18990.0;2009;150.000 Km;São Paulo Zona Sul ; São Paulo;Chevrolet
Citroën C3 1.4 I Glx 8v Flex 4p Manual;22900.0;2008;142.939 Km;São Paulo Zona Oeste ; São Paulo;Citroën
Chevrolet Classic 1.0 Mpfi Life 8v;22990.0;2008;198.000 Km;Santo André ; São Paulo;Chevrolet
Chevrolet Classic 1.0 Mpfi Life 8v;21990.0;2007;190.000 Km;Santo André ; São Paulo;Chevrolet
Peugeot 207 Passion 1.4 Xr Sport Flex 4p;18990.0;2010;148.000 Km;São Paulo Zona Leste ; São Paulo;Peugeot
Peugeot 207 Passion 1.4 Xr Flex 4p;18900.0;2011;210.000 Km;São Paulo Zona Leste ; São Paulo;Peugeot
Volkswagen Gol 1.0 City Total Flex 3p;17900.0;2006;170.000 Km;São Bernardo do Campo ; São Paulo;Volkswagen
Peugeot 207 1.4 Xr Flex 5p;22999.0;2011;192.600 Km;São Paulo Zona Leste ; São Paulo;Peugeot
Chevrolet Classic 1.0 Mpfi Vhc Life 8v Gasolina 4p Manual;19890.0;2004;198.986 Km;São Bernardo do Campo ; São Paulo;Chevrolet
Fiat Stilo 1.8 8v Flex 5p;12000.0;2009;267.000 Km;Praia Grande ; São Paulo;Fiat
Volkswagen Santana 2.0 4p;18500.0;1996;233.000 Km;Santa Bárbara D'Oeste ; São Paulo;Volkswagen
Fiat Siena 1.0 Fire Flex 4p;19500.0;2010;159.805 Km;Itaquaquecetuba ; São Paulo;Fiat
Chevrolet Celta 1.0 Spirit Flex Power 5p;22900.0;2011;104.735 Km;Diadema ; São Paulo;Chevrolet
Peugeot 207 1.4 Xr Sport Flex 5p;20900.0;2010;114.000 Km;São Paulo Zona Sul ; São Paulo;Peugeot
Volkswagen Voyage 1.0 Vht Total Flex 4p;22990.0;2010;163.500 Km;São Paulo Zona Sul ; São Paulo;Volkswagen
Fiat Palio Palio Young 1.0 Mpi;15900.0;2002;229.957 Km;São Paulo Zona Norte ; São Paulo;Fiat
Fiat Palio Fire Economy;20000.0;2010;191.406 Km;Suzano ; São Paulo;Fiat
Citroën C3 1.4 8v Glx Flex 5p;21900.0;2007;148.000 Km;Osasco ; São Paulo;Citroën
Chevrolet Meriva 1.8 Joy Flex Power 5p;23900.0;2005;176.000 Km;São Paulo Zona Leste ; São Paulo;Chevrolet
Ford Fiesta 1.0 Flex 5p;21900.0;2008;200.500 Km;São Paulo Zona Sul ; São Paulo;Ford
Volkswagen Santana Santana Gli 2.0;19890.0;1995;231.585 Km;São Paulo Zona Norte ; São Paulo;Volkswagen
Renault Clio Sedan 1.0 16v Expression Hi-flex 4p;17900.0;2006;173.000 Km;São Paulo Zona Leste ; São Paulo;Renault
Chery Face 1.3 16v 5p;17999.0;2012;102.622 Km;São Paulo Zona Oeste ; São Paulo;Chery
Peugeot 307 2.0 Feline Aut. 5p;20900.0;2008;122.000 Km;São Paulo Zona Leste ; São Paulo;Peugeot
Renault Sandero 1.6 Expression Hi-torque 5p;18000.0;2011;186.000 Km;Ribeirão Pires ; São Paulo;Renault
Mercedes-benz Classe A 1.9 Elegance 5p Manual;19500.0;2001;140.000 Km;São Paulo Zona Sul ; São Paulo;Mercedes-benz
Chevrolet Agile 1.4 Ltz 5p;25000.0;2010;160.000 Km;São Paulo Zona Leste ; São Paulo;Chevrolet
Volkswagen Gol 1.0 Total Flex 5p;23000.0;2011;271.102 Km;São Paulo Zona Norte ; São Paulo;Volkswagen
Toyota Corolla 1.8 16v Xei 4p;24999.0;2000;177.000 Km;São Paulo Zona Norte ; São Paulo;Toyota
Fiat Idea 1.8 Hlx Flex 5p;23900.0;2006;167.000 Km;São Paulo Zona Sul ; São Paulo;Fiat
Chevrolet Corsa 1.8 Maxx Flex Power 5p;25000.0;2005;300.000 Km;São Paulo Zona Leste ; São Paulo;Chevrolet
Chevrolet Celta 1.0 Life Flex Power 3p;16200.0;2009;211.000 Km;São Paulo Zona Leste ; São Paulo;Chevrolet
Chevrolet Classic Classic 1.0 Vhc (flex);22900.0;2010;174.899 Km;São Paulo Zona Leste ; São Paulo;Chevrolet
Chery Qq 1.1 16v 5p;17900.0;2012;141.000 Km;São Paulo Zona Leste ; São Paulo;Chery
Ford Ka 1.0 Gl 3p;21900.0;2007;118.000 Km;Santo André ; São Paulo;Ford
Chevrolet Meriva 1.8 Mpfi Joy 8v Flex 4p Manual;18990.0;2008;241.854 Km;São Paulo ; São Paulo;Chevrolet
Renault Scenic 1.6 16v Privilège Hi-flex 5p;22900.0;2010;165.000 Km;São Paulo Zona Leste ; São Paulo;Renault
Renault Logan 1.6 Expression Hi-torque 4p;21999.0;2011;150.000 Km;Guarulhos ; São Paulo;Renault
Ford Fiesta 1.0 Gl Class 5p;16900.0;2001;98.613 Km;Mogi das Cruzes ; São Paulo;Ford
Chevrolet Classic 1.0 Mpfi Life 8v Flex 4p Manual;21900.0;2008;159.500 Km;São Paulo Zona Norte ; São Paulo;Chevrolet
Chevrolet Vectra 2.2 Challenge 4p;22500.0;2001;280.000 Km;São Paulo Zona Norte ; São Paulo;Chevrolet
Chevrolet Celta 1.0 Life Flex Power 3p;18000.0;2007;141.400 Km;São Paulo Zona Leste ; São Paulo;Chevrolet
Volkswagen Parati 1.6 Cl 2p;19900.0;1995;246.000 Km;São Paulo Zona Leste ; São Paulo;Volkswagen
Citroën Xsara 2.0 I Paris 16v Gasolina 4p Manual;21890.0;2001;137.324 Km;São Bernardo do Campo ; São Paulo;Citroën
Chevrolet Astra Sedan 1.8 Sedan 4p;21900.0;2002;170.000 Km;Guarulhos ; São Paulo;Chevrolet
Fiat Palio 1.4 Elx Flex 5p;20990.0;2006;298.823 Km;Guarulhos ; São Paulo;Fiat
Ford Fiesta 1.0 Flex 5p;25000.0;2012;86.000 Km;Osasco ; São Paulo;Ford
Renault Clio Sedan 1.6 16v Privilège Hi-flex 4p;16200.0;2006;221.300 Km;São Paulo Zona Leste ; São Paulo;Renault
Chevrolet Corsa Classic 1.0 Life Flex Power 4p;17000.0;2008;204.530 Km;Mogi das Cruzes ; São Paulo;Chevrolet
Renault Sandero 1.6 Expression Hi-torque 5p;25000.0;2012;91.000 Km;São Paulo Zona Leste ; São Paulo;Renault
Fiat Palio 1.0 Fire Economy Flex 3p;20000.0;2011;266.000 Km;São Paulo Zona Leste ; São Paulo;Fiat
Bmw Serie 5 2.8 4p;21000.0;1996;128.000 Km;São Paulo Zona Sul ; São Paulo;Bmw
Renault Logan Logan Expression 1.6 8v;22990.0;2011;180.000 Km;São Bernardo do Campo ; São Paulo;Renault
Chevrolet Astra 1.8 Gl 3p;15500.0;2000;20.275 Km;São Caetano do Sul ; São Paulo;Chevrolet
Renault Scenic 2.0 16v Rxe 5p 138 Hp;7500.0;2003;240.000 Km;Ribeirão Pires ; São Paulo;Renault
Chevrolet Corsa 1.4 Maxx Econoflex 5p;22900.0;2009;90.000 Km;Guarulhos ; São Paulo;Chevrolet
Chevrolet Corsa 1.0 Joy Flex Power 5p;21900.0;2008;275.000 Km;Carapicuíba ; São Paulo;Chevrolet
Chery Chery Qq 1.1 16v 5p;15000.0;2011;135.000 Km;São Paulo Zona Sul ; São Paulo;Chery
Renault Trafic 2.0 5p;17000.0;2000;300.000 Km;São Paulo Zona Leste ; São Paulo;Renault
Peugeot 206 Peugeot Sensat;9000.0;2004;128.869 Km;São Paulo Zona Leste ; São Paulo;Peugeot
Volkswagen Fox 1.0 Plus Total Flex 5p;18000.0;2006;179.000 Km;São Paulo Zona Sul ; São Paulo;Volkswagen
Fiat Siena 1.3 16v Elx 4p;15900.0;2003;240.000 Km;Guarulhos ; São Paulo;Fiat
Renault Clio 1.0 16v Authentique Hi-power 5p;25000.0;2014;80.000 Km;Barueri ; São Paulo;Renault
Fiat Siena Siena  Celebration;24900.0;2008;197.000 Km;São Paulo Zona Leste ; São Paulo;Fiat
Fiat Palio 1.0 Elx Flex 3p;18000.0;2010;160.000 Km;São Paulo Zona Sul ; São Paulo;Fiat
Renault Sandero 1.0 Expression 16v;21990.0;2010;138.000 Km;Mauá ; São Paulo;Renault
Fiat Palio 1.3 Elx Flex 5p;22900.0;2004;314.022 Km;São Paulo Zona Leste ; São Paulo;Fiat
Volkswagen Fox Fox Route 1.0 8v (flex) 4p;24990.0;2008;98.000 Km;São Paulo Zona Oeste ; São Paulo;Volkswagen
Chevrolet Vectra 2.2 Expression 4p;22000.0;2002;239.000 Km;Mogi das Cruzes ; São Paulo;Chevrolet
Chevrolet Corsa 1.0 5p;18799.0;2004;203.000 Km;São Paulo Zona Sul ; São Paulo;Chevrolet
Chevrolet Montana 1.4 Combo Econoflex 4p;15000.0;2010;365.000 Km;Santo André ; São Paulo;Chevrolet
Ford Ka Ka 1.0 8v/1.0 8v St Flex 3p;23900.0;2011;117.506 Km;Mogi das Cruzes ; São Paulo;Ford
Hyundai Azera 3.3 Gls Aut. 4p;18000.0;2009;186.540 Km;São Paulo Zona Leste ; São Paulo;Hyundai
Chevrolet Celta 1.0 Spirit Flex Power 5p;21000.0;2010;252.000 Km;Ribeirão Pires ; São Paulo;Chevrolet
Chevrolet Corsa Sedan 1.8 Premium Flex Power 4p;19000.0;2007;200.000 Km;Guarulhos ; São Paulo;Chevrolet
Ford Ka 1.6 Tecno Flex 3p 102 Hp;21500.0;2009;135.000 Km;Santo André ; São Paulo;Ford
Volkswagen Gol 1.0 Mi 3p;24900.0;1996;130.371 Km;Osasco ; São Paulo;Volkswagen
Chevrolet Corsa Wagon 1.6 Gl 5p;13900.0;1998;258.000 Km;São Paulo Zona Leste ; São Paulo;Chevrolet
Renault Clio Sedan 1.6 Expression Sedan 16v;19800.0;2006;169.000 Km;Osasco ; São Paulo;Renault
Chevrolet Celta 1.0 Life Flex Power 3p;12499.0;2008;236.665 Km;Itaquaquecetuba ; São Paulo;Chevrolet
Renault Clio 1.0 16v Authentique Hi-power 3p;22500.0;2014;69.000 Km;São Bernardo do Campo ; São Paulo;Renault
Volkswagen Santana 2.0 4p;11000.0;1996;145.000 Km;Barueri ; São Paulo;Volkswagen
Peugeot 207 1.4 Xr Flex 3p;20990.0;2013;163.000 Km;São Paulo Zona Sul ; São Paulo;Peugeot
Fiat Stilo 1.8 8v Sp Ii Flex 5p;19900.0;2007;200.000 Km;São Paulo Zona Leste ; São Paulo;Fiat
Fiat Palio 1.0 Fire Economy Flex 3p;23500.0;2011;85.498 Km;São Paulo Zona Leste ; São Paulo;Fiat
Renault Clio Clio 1.0 16v (flex) 4p;19900.0;2011;151.935 Km;São Paulo Zona Sul ; São Paulo;Renault
Chevrolet Classic Classic Spirit 1.0 (flex);19900.0;2005;154.000 Km;São Paulo Zona Sul ; São Paulo;Chevrolet
Citroën C4 2.0 Exclusive Flex Aut. 5p;19000.0;2010;148.000 Km;São Paulo Zona Oeste ; São Paulo;Citroën
Fiat Siena Fire Flex;17900.0;2008;209.184 Km;São Paulo Zona Norte ; São Paulo;Fiat
Chevrolet Prisma Prisma Maxx 1.4 (flex);23900.0;2009;126.000 Km;São Paulo Zona Norte ; São Paulo;Chevrolet
Fiat Mille 1.0 Fire Economy Flex 3p;23000.0;2010;180.000 Km;São Paulo Zona Leste ; São Paulo;Fiat
Fiat Palio 1.0 Elx 5p;24000.0;2004;140.302 Km;São Paulo Zona Leste ; São Paulo;Fiat
Fiat Siena 1.0 Fire Celebration Flex 4p;18900.0;2007;209.000 Km;Guarulhos ; São Paulo;Fiat
Fiat Siena 1.0 Fire Flex 4p;22900.0;2009;167.000 Km;São Paulo Zona Leste ; São Paulo;Fiat
Renault Logan 1.0 16v Expression Hi-flex 4p;17000.0;2013;300.500 Km;Rio Grande da Serra ; São Paulo;Renault
Fiat Palio 1.0 Fire Flex 5p;21000.0;2007;217.062 Km;Matão ; São Paulo;Fiat
Chevrolet Corsa Wagon 1.6 Gl 5p;22000.0;1998;100.000 Km;Americana ; São Paulo;Chevrolet
Fiat Palio 1.0 Fire Flex 5p;21900.0;2008;124.720 Km;Ribeirão Pires ; São Paulo;Fiat
Citroën C4 1.6 Glx Flex 5p;24900.0;2011;114.000 Km;São Paulo Zona Oeste ; São Paulo;Citroën
Fiat Palio Palio 1.0 Economy Fire Flex 8v 2p;23900.0;2013;112.000 Km;São Paulo Zona Norte ; São Paulo;Fiat
Volkswagen Gol 1.0 2p;15500.0;2000;193.000 Km;São Paulo Zona Norte ; São Paulo;Volkswagen
Chevrolet Meriva 1.8 Joy Flex Power 5p;21500.0;2008;160.000 Km;São Paulo Zona Leste ; São Paulo;Chevrolet
Peugeot 207 Sw Xr 1.4;18900.0;2010;125.928 Km;São Paulo Zona Leste ; São Paulo;Peugeot
Volkswagen Voyage 1.0 Vht Total Flex 4p;23900.0;2009;152.758 Km;São Paulo Zona Leste ; São Paulo;Volkswagen
Volkswagen Gol 1.0 Special 2p;14500.0;1999;292.000 Km;São Paulo Zona Norte ; São Paulo;Volkswagen
Chevrolet Meriva 1.8 Maxx Flex Power 5p;23900.0;2007;166.700 Km;São Paulo Zona Leste ; São Paulo;Chevrolet
Chevrolet Vectra 2.2 Milenium 4p;15000.0;2001;239.082 Km;São Paulo Zona Oeste ; São Paulo;Chevrolet
Fiat Idea 1.4 Elx Flex 5p;20000.0;2007;172.824 Km;São Paulo Zona Leste ; São Paulo;Fiat
Chevrolet Agile 1.4 Lt 5p;24900.0;2010;209.000 Km;Jacareí ; São Paulo;Chevrolet
Ford Ranger 4.0 Xlt Super Cab. 4x4 4p 162 Hp;23900.0;1999;217.852 Km;São Paulo Zona Norte ; São Paulo;Ford
Fiat Siena 1.0 Elx Flex 4p;19900.0;2006;154.600 Km;São Bernardo do Campo ; São Paulo;Fiat
Chevrolet Corsa Sedan 1.4 Premium Econoflex 4p;17500.0;2008;225.000 Km;São Paulo Zona Leste ; São Paulo;Chevrolet
Ford Ka 1.0 Flex 3p;21490.0;2010;114.000 Km;São Paulo Zona Sul ; São Paulo;Ford
Citroën C3 1.6 16v Exclusive Flex 5p;17200.0;2009;113.085 Km;Mogi das Cruzes ; São Paulo;Citroën
Ford Fiesta Sedan 1.6 Fly Flex 4p;21900.0;2008;212.000 Km;Osasco ; São Paulo;Ford
Chevrolet Zafira 2.0 8v Aut. 5p;23900.0;2004;168.000 Km;São Paulo Zona Norte ; São Paulo;Chevrolet
Ford Fiesta 1.0 Rocam S Flex 5p;25000.0;2014;154.000 Km;São Paulo Zona Sul ; São Paulo;Ford
Chevrolet Corsa 1.4 Maxx Econoflex 5p;23900.0;2010;174.000 Km;São Paulo Zona Sul ; São Paulo;Chevrolet
Chevrolet Celta 1.0 Spirit Flex Power 3p;19900.0;2008;210.000 Km;São Paulo Zona Leste ; São Paulo;Chevrolet
Fiat Mille 1.0 Fire Economy Flex 3p;23900.0;2008;152.315 Km;Osasco ; São Paulo;Fiat
Renault Logan 1.0 16v Authentique Hi-flex 4p;23000.0;2011;170.000 Km;Osasco ; São Paulo;Renault
Toyota Corolla 1.8 16v Xei Aut. 4p;21900.0;2001;208.000 Km;São Paulo Zona Norte ; São Paulo;Toyota
Fiat Palio 1.0 Fire Flex 3p;22900.0;2016;22.900 Km;Guarulhos ; São Paulo;Fiat
Fiat Palio 1.0 Fire Economy Flex 5p;25000.0;2010;97.600 Km;Carapicuíba ; São Paulo;Fiat
Fiat Idea 1.4 Elx Flex 5p;21500.0;2007;141.000 Km;São Paulo Zona Leste ; São Paulo;Fiat
Volkswagen Gol 1.0 City Total Flex 5p;18200.0;2006;172.000 Km;São Paulo Zona Sul ; São Paulo;Volkswagen
Citroën C3 1.4 I Exclusive 8v Flex 4p Manual;23900.0;2009;229.000 Km;São Paulo Centro ; São Paulo;Citroën
Fiat Palio 1.4 Elx Flex 5p;23500.0;2007;140.000 Km;São Paulo Zona Oeste ; São Paulo;Fiat
Chevrolet Celta 1.0 Ls Flex Power 3p;24990.0;2012;85.000 Km;Santo André ; São Paulo;Chevrolet
Chevrolet Celta 1.0 Life Flex Power 3p;21000.0;2011;98.000 Km;São Paulo Zona Leste ; São Paulo;Chevrolet
Chevrolet Celta 1.0 Life Flex Power 3p;19790.0;2009;139.000 Km;São Paulo Zona Leste ; São Paulo;Chevrolet
Volkswagen Gol Gol 1.0 Giv;22900.0;2010;150.000 Km;São Paulo Zona Leste ; São Paulo;Volkswagen
Volkswagen Gol 1.0 Mi 8v;23900.0;2013;85.000 Km;Santo André ; São Paulo;Volkswagen
Chevrolet Celta 1.0 Ls Flex Power 3p;23900.0;2012;155.000 Km;São Paulo Zona Leste ; São Paulo;Chevrolet
Ford Ka 1.0 Flex 3p;24900.0;2012;120.000 Km;São Paulo Zona Leste ; São Paulo;Ford
Volkswagen Fox 1.0 Vht Total Flex 5p;24990.0;2009;151.143 Km;Santo André ; São Paulo;Volkswagen
Chevrolet Corsa 1.0 Joy Flex Power 5p;23990.0;2009;120.000 Km;São Paulo Zona Leste ; São Paulo;Chevrolet
Ford Ka 1.0 Flex 3p;24990.0;2013;92.847 Km;São Paulo Zona Leste ; São Paulo;Ford
Fiat Palio 1.0 Fire Economy Flex 3p;22999.0;2012;148.000 Km;São Paulo Zona Sul ; São Paulo;Fiat
Peugeot 207 Undefined;17900.0;2012;144.418 Km;São Paulo Zona Norte ; São Paulo;Peugeot
Peugeot 207 1.4 Xr Flex 5p;22990.0;2012;139.000 Km;São Paulo Zona Leste ; São Paulo;Peugeot
Chevrolet Celta 1.0 Life Flex Power 3p;19990.0;2010;95.500 Km;São Paulo Zona Leste ; São Paulo;Chevrolet
Fiat Uno Mille Uno Mille 1.0 2p;19990.0;2010;140.000 Km;São Paulo Zona Sul ; São Paulo;Fiat
Fiat Palio 1.0 Fire Economy Flex 5p;24900.0;2014;198.698 Km;São Paulo Zona Sul ; São Paulo;Fiat
Volkswagen Fox 1.0 Vht Total Flex 3p;22900.0;2010;222.000 Km;São Paulo Zona Leste ; São Paulo;Volkswagen
Ford Ka 1.0 Flex 3p;16990.0;2009;141.000 Km;São Paulo Zona Leste ; São Paulo;Ford
Chevrolet Celta 1.0 Life Flex Power 3p 70 Hp;19900.0;2009;260.300 Km;São Paulo Zona Norte ; São Paulo;Chevrolet
Chevrolet Corsa Sedan 1.6 Classic 4p;18900.0;2003;220.000 Km;São Paulo Zona Leste ; São Paulo;Chevrolet
Ford Ka 1.0 8v;23900.0;2011;77.000 Km;São Paulo Zona Leste ; São Paulo;Ford
Chevrolet Celta 1.0 Spirit Flex Power 5p;24900.0;2009;104.650 Km;Diadema ; São Paulo;Chevrolet
Chevrolet Celta 1.0 Life Flex Power 3p;16800.0;2009;295.000 Km;São Paulo Zona Leste ; São Paulo;Chevrolet
Fiat Palio 1.0 Fire Celebration Flex 3p;17900.0;2008;300.000 Km;São Paulo Zona Norte ; São Paulo;Fiat
Fiat Palio 1.0 Mpi Weekend Elx 16v;14990.0;2002;231.000 Km;São Caetano do Sul ; São Paulo;Fiat
Chevrolet Corsa 1.0 Wind 3p;10910.0;2001;221.000 Km;São Paulo Zona Sul ; São Paulo;Chevrolet
Chevrolet Classic 1.0 Ls Flex Power 4p;24900.0;2012;133.500 Km;São Paulo Zona Oeste ; São Paulo;Chevrolet
Fiat Uno Mille Uno Mille;19900.0;2009;220.000 Km;São Paulo Zona Leste ; São Paulo;Fiat
Fiat Palio 1.0 Fire Economy Flex 3p;20900.0;2010;120.000 Km;São Paulo Zona Leste ; São Paulo;Fiat
Chevrolet Astra Sedan 2.0 Comfort Flex Power 4p;23900.0;2006;198.000 Km;São Paulo Zona Leste ; São Paulo;Chevrolet
Fiat Marea 2.4 Mpi Elx 20v Gasolina 4p Manual;15900.0;2002;238.088 Km;São Paulo Centro ; São Paulo;Fiat
Fiat Palio 1.0 Mpi Fire 8v Flex 2p Manual;19890.0;2008;185.000 Km;São Paulo Zona Leste ; São Paulo;Fiat
Fiat Palio 1.4 Elx Flex 5p;24900.0;2010;165.000 Km;São Paulo Zona Leste ; São Paulo;Fiat
Volkswagen Gol 1.0 City 2p;14999.0;2004;244.000 Km;São Paulo Zona Leste ; São Paulo;Volkswagen
Fiat Uno Mille;18900.0;2010;152.000 Km;Osasco ; São Paulo;Fiat
Chevrolet Celta 1.0 Spirit Flex Power 5p;22900.0;2009;115.496 Km;Osasco ; São Paulo;Chevrolet
Ford Ka 1.0 3p;8800.0;1999;330.000 Km;Osasco ; São Paulo;Ford
Chevrolet Celta 1.0 Super Flex Power 5p;21780.0;2009;263.535 Km;São Paulo Zona Leste ; São Paulo;Chevrolet
Fiat Idea 1.4 Elx Flex 5p;23900.0;2009;150.544 Km;São Paulo Zona Sul ; São Paulo;Fiat
Peugeot 207 1.6 16v Xs Flex Aut. 5p;19900.0;2010;92.000 Km;São Paulo Zona Norte ; São Paulo;Peugeot
Volkswagen Gol 1.0 Vht Total Flex 5p;20900.0;2009;190.000 Km;São Paulo Zona Sul ; São Paulo;Volkswagen
Volkswagen Gol 1.0 Special 3p;11900.0;2000;190.000 Km;Taboão da Serra ; São Paulo;Volkswagen
Chevrolet Classic 1.0 Ls Flex Power 4p;22900.0;2012;145.000 Km;São Paulo Zona Leste ; São Paulo;Chevrolet
Renault Logan 1.0 16v Authentique Hi-flex 4p;19890.0;2010;193.000 Km;São Paulo Zona Leste ; São Paulo;Renault
Ford Fiesta 1.0 Flex 5p;22000.0;2013;95.000 Km;São Paulo Zona Norte ; São Paulo;Ford
Chevrolet Celta 1.0 Life Flex Power 3p;15900.0;2007;215.000 Km;São Paulo Zona Leste ; São Paulo;Chevrolet
Ford Ka Ka 1.0 Mpi 8v Flex 2p Manual;17990.0;2009;85.000 Km;Carapicuíba ; São Paulo;Ford
Fiat Palio 1.0 Fire Economy Flex 3p;20900.0;2010;120.000 Km;São Paulo Zona Leste ; São Paulo;Fiat
Ford Fiesta Fiesta 1.0 8v Flex/class 1.0 8v Flex 5p;20090.0;2007;149.000 Km;São Paulo Zona Leste ; São Paulo;Ford
Fiat Mille 1.0 Fire Economy Flex 3p;20900.0;2012;129.244 Km;São Paulo Zona Norte ; São Paulo;Fiat
Fiat Siena 1.0 Mpi El 8v Flex 4p Manual;24900.0;2010;151.016 Km;São Paulo Zona Leste ; São Paulo;Fiat
Volkswagen Gol 1.0 Total Flex 3p;24900.0;2013;138.500 Km;Guarulhos ; São Paulo;Volkswagen
Fiat Palio 1.0 Fire Flex 5p;23990.0;2008;174.000 Km;São Paulo Zona Leste ; São Paulo;Fiat
Chevrolet Kadett 1.8 Gl 3p;8900.0;1993;888.888 Km;São Paulo Zona Leste ; São Paulo;Chevrolet
Volkswagen Gol 1.0 16v Plus 5p;11990.0;2001;226.000 Km;Campinas ; São Paulo;Volkswagen
Chery Qq 1.1 16v 5p;22990.0;2012;95.000 Km;Guarulhos ; São Paulo;Chery
Volkswagen Polo 1.6 Mi 8v Gasolina 4p Manual;24900.0;2003;167.254 Km;Santo André ; São Paulo;Volkswagen
Fiat Palio 1.0 Fire Celebration Flex 5p;22900.0;2008;96.000 Km;São Paulo Zona Oeste ; São Paulo;Fiat
Renault Scenic 1.6 16v Rt 5p;11500.0;2003;149.000 Km;Santo André ; São Paulo;Renault
Chery Chery Qq 1.1 16v 5p;24300.0;2014;82.000 Km;São Paulo Zona Sul ; São Paulo;Chery
Chevrolet Agile 1.4 Lt 5p;23000.0;2011;206.000 Km;Barueri ; São Paulo;Chevrolet
Volkswagen Fox 1.0 City Total Flex 5p;21900.0;2007;200.000 Km;Guarulhos ; São Paulo;Volkswagen
Chevrolet Celta 1.0 Life Flex Power 5p;15500.0;2007;220.849 Km;Guarulhos ; São Paulo;Chevrolet
Ford Ka 1.0 Gl 3p;11900.0;2004;163.000 Km;São Paulo Zona Norte ; São Paulo;Ford
Fiat Uno 1.0 Smart 5p Gasolina;7500.0;2001;200.000 Km;Itapecerica da Serra ; São Paulo;Fiat
Renault Clio 1.0 Campus 16v Flex 2p Manual;21890.0;2011;87.000 Km;São Paulo Zona Leste ; São Paulo;Renault
Ford Ka 1.0 3p;9000.0;1998;55.000 Km;Guarulhos ; São Paulo;Ford
